constituency_no,constituency_name,total_electors,serial_no,candidate_name,sex,age,category,party,symbol,general_votes,postal_votes,total_votes,vote_pct,winner
1,MANJESHWAR,176817,1,P B ABDUL RAZAK,M,55,GEN,MUL,,49795,22,49817,37.46,True
1,MANJESHWAR,176817,2,K SURENDRAN,M,41,GEN,BJP,,43931,58,43989,33.08,False
1,MANJESHWAR,176817,3,ADV. C H KUNHAMBU,M,51,GEN,CPM,,35014,53,35067,26.37,False
1,MANJESHWAR,176817,4,HAFSA MUNEER,F,34,GEN,IND,,1076,0,1076,0.81,False
1,MANJESHWAR,176817,5,ABDUL MAJEED,M,40,GEN,BSP,,869,0,869,0.65,False
1,MANJESHWAR,176817,6,ABDULLA TIMBER,M,54,GEN,IND,,547,0,547,0.41,False
1,MANJESHWAR,176817,7,KUNHAMBU,M,55,GEN,IND,,490,0,490,0.37,False
1,MANJESHWAR,176817,8,ABDUL RAZAK K,M,31,GEN,IND,,465,0,465,0.35,False
1,MANJESHWAR,176817,9,ABBAS M,M,25,GEN,IND,,391,0,391,0.29,False
1,MANJESHWAR,176817,10,ABDULLA P M,M,46,GEN,IND,,262,0,262,0.2,False
2,KASARAGOD,159289,1,N.A.NELLIKKUNNU,M,57,GEN,MUL,,53033,35,53068,45.35,True
2,KASARAGOD,159289,2,JAYALAKSHMI N BHAT,F,53,GEN,BJP,,43223,107,43330,37.02,False
2,KASARAGOD,159289,3,AZEEZ KADAPPURAM,M,44,GEN,INL,,16437,30,16467,14.07,False
2,KASARAGOD,159289,4,A H MUNEER,M,34,GEN,SDPI,,1259,1,1260,1.08,False
2,KASARAGOD,159289,5,GOVINDA RAJA KUNTIKKANAMATA,M,33,GEN,IND,,937,1,938,0.8,False
2,KASARAGOD,159289,6,SAIFUDEEN K MAKKODU,M,48,GEN,BSP,,807,0,807,0.69,False
2,KASARAGOD,159289,7,AJITH KUMAR AZAD,M,36,GEN,IND,,738,1,739,0.63,False
2,KASARAGOD,159289,8,ABDULLA,M,35,GEN,IND,,422,0,422,0.36,False
3,UDMA,173459,1,K.KUNHIRAMAN,M,62,GEN,CPM,,61457,189,61646,47.93,True
3,UDMA,173459,2,ADV. C K SREEDHARAN,M,66,GEN,INC,,50160,106,50266,39.08,False
3,UDMA,173459,3,SUNITHA PRASANTH,F,33,GEN,BJP,,13056,17,13073,10.16,False
3,UDMA,173459,4,FAISAL KOLIYADUKKAM,M,31,GEN,SDPI,,1265,0,1265,0.98,False
3,UDMA,173459,5,P DAMODARAN,M,37,ST,BSP,,1095,1,1096,0.85,False
3,UDMA,173459,6,KRISHNANKUTTY,M,36,ST,IND,,866,0,866,0.67,False
3,UDMA,173459,7,KUNHIRAMAN,M,49,GEN,IND,,414,0,414,0.32,False
4,KANHANGAD,178139,1,E.CHANDRASHEKHARAN,M,63,GEN,CPI,,66398,242,66640,47.65,True
4,KANHANGAD,178139,2,ADV.M C JOSE,M,63,GEN,INC,,54314,148,54462,38.95,False
4,KANHANGAD,178139,3,MADIKAI KAMMARAN,M,72,GEN,BJP,,15514,29,15543,11.11,False
4,KANHANGAD,178139,4,P M JOSEPH,M,51,GEN,IND,,1919,0,1919,1.37,False
4,KANHANGAD,178139,5,GOPALAN K,M,72,SC,BSP,,1271,6,1277,0.91,False
5,TRIKARIPUR,169395,1,K KUNHIRAMAN,M,67,GEN,CPM,,67272,599,67871,49.91,True
5,TRIKARIPUR,169395,2,K.V.GANGADHARAN,M,63,GEN,INC,,58851,255,59106,43.46,False
5,TRIKARIPUR,169395,3,T.RADHAKRISHNAN,M,49,GEN,BJP,,5435,15,5450,4.01,False
5,TRIKARIPUR,169395,4,RAZAK HAJI PARAMBATH,M,44,GEN,SDPI,,1740,1,1741,1.28,False
5,TRIKARIPUR,169395,5,ARUN KUMAR,M,44,SC,BSP,,1030,1,1031,0.76,False
5,TRIKARIPUR,169395,6,K.K.DILEEP KUMAR,M,40,SC,IND,,789,0,789,0.58,False
6,PAYYANNUR,158613,1,C.KRISHNAN,M,62,GEN,CPM,,77395,721,78116,59.78,True
6,PAYYANNUR,158613,2,ADV. K. BRIJESH KUMAR,M,32,GEN,INC,,45769,223,45992,35.2,False
6,PAYYANNUR,158613,3,C.K.RAMESAN MASTER,M,40,GEN,BJP,,5001,18,5019,3.84,False
6,PAYYANNUR,158613,4,GEETHA,F,44,GEN,BSP,,622,3,625,0.48,False
6,PAYYANNUR,158613,5,T.P.PADMANABHAN,M,49,GEN,IND,,533,3,536,0.41,False
6,PAYYANNUR,158613,6,KOTTAYODI  VISWANATHAN,M,57,GEN,SHS,,378,0,378,0.29,False
7,KALLIASSERI,157384,1,T.V. RAJESH,M,37,GEN,CPM,,72746,444,73190,58.62,True
7,KALLIASSERI,157384,2,ADV. P. INDIRA,F,40,GEN,INC,,43109,135,43244,34.64,False
7,KALLIASSERI,157384,3,ADV. SREEKANTH RAVI VARMA,M,43,GEN,BJP,,5489,10,5499,4.4,False
7,KALLIASSERI,157384,4,A.P. MAHAMOOD,M,28,GEN,SDPI,,2281,0,2281,1.83,False
7,KALLIASSERI,157384,5,K. GOPALAKRISHNAN,M,64,SC,BSP,,638,2,640,0.51,False
8,TALIPARAMBA,174788,1,JAMES MATHEW,M,50,GEN,CPM,,80483,548,81031,56.13,True
8,TALIPARAMBA,174788,2,ADV JOB MICHEL,M,45,GEN,KEC(M),,52946,224,53170,36.83,False
8,TALIPARAMBA,174788,3,K.JAYAPRAKASH,M,54,GEN,BJP,,6462,30,6492,4.5,False
8,TALIPARAMBA,174788,4,MUHAMMEDALI.S.P,M,36,GEN,SDPI,,1930,0,1930,1.34,False
8,TALIPARAMBA,174788,5,NIDHEESH THILLANKERI,M,35,GEN,BSP,,923,4,927,0.64,False
8,TALIPARAMBA,174788,6,THOMAS.M.V,M,30,GEN,IND,,813,0,813,0.56,False
9,IRIKKUR,169262,1,K. C. JOSEPH,M,64,GEN,INC,,68244,259,68503,52.41,True
9,IRIKKUR,169262,2,ADV. P. SANTHOSH KUMAR,M,39,GEN,CPI,,56408,338,56746,43.42,False
9,IRIKKUR,169262,3,M. G. RAMAKRISHNAN NAIR,M,63,GEN,BJP,,3518,11,3529,2.7,False
9,IRIKKUR,169262,4,JOSEPH,M,58,GEN,IND,,740,0,740,0.57,False
9,IRIKKUR,169262,5,AMMINI KRISHNAN,F,43,ST,IND,,633,0,633,0.48,False
9,IRIKKUR,169262,6,BIJU THOMAS,M,32,GEN,BSP,,551,1,552,0.42,False
10,AZHIKODE,147782,1,K.M.SHAJI,M,39,GEN,MUL,,54882,195,55077,45.21,True
10,AZHIKODE,147782,2,M.PRAKASHAN MASTER,M,51,GEN,CPM,,54185,399,54584,44.8,False
10,AZHIKODE,147782,3,M.K.SASEENDRAN MASTER,M,60,GEN,BJP,,7523,17,7540,6.19,False
10,AZHIKODE,147782,4,NOUSHAD PUNNAKKAL,M,41,GEN,IND,,2935,0,2935,2.41,False
10,AZHIKODE,147782,5,SHAJI.K.M.,M,39,GEN,IND,,602,0,602,0.49,False
10,AZHIKODE,147782,6,C.BALAKRISHNAN,M,54,SC,BSP,,456,2,458,0.38,False
10,AZHIKODE,147782,7,PAUL T SAMUEL,M,32,GEN,SUCI,,413,1,414,0.34,False
10,AZHIKODE,147782,8,PRAKASHAN KUZHIPARAMBIL,M,46,GEN,IND,,222,0,222,0.18,False
11,KANNUR,143828,1,A.P ABDULLAKUTTY,M,43,GEN,INC,,55146,281,55427,48.89,True
11,KANNUR,143828,2,RAMACHANDRAN KADANNAPPALLI,M,53,GEN,IND,,48565,419,48984,43.21,False
11,KANNUR,143828,3,U.T.JAYANDAN,M,60,GEN,BJP,,4553,15,4568,4.03,False
11,KANNUR,143828,4,ADV.P.C.NOUSHAD,M,37,GEN,SDPI,,2536,2,2538,2.24,False
11,KANNUR,143828,5,M.P.ABDULLAKUTTY,M,51,GEN,IND,,1100,0,1100,0.97,False
11,KANNUR,143828,6,K.SUDHAKARAN,M,36,GEN,IND,,516,1,517,0.46,False
11,KANNUR,143828,7,S.NOORUDHEEN,M,52,GEN,BSP,,223,3,226,0.2,False
12,DHARMADAM,163674,1,K.K. NARAYANAN,M,63,GEN,CPM,,71795,559,72354,53.13,True
12,DHARMADAM,163674,2,MAMBARAM DIVAKARAN,M,58,GEN,IND,,56870,322,57192,42.0,False
12,DHARMADAM,163674,3,C.P.SANGEETHA,F,37,GEN,BJP,,4946,17,4963,3.64,False
12,DHARMADAM,163674,4,POYILORE KUNNUMBROM DIVAKARAN,M,46,GEN,IND,,871,0,871,0.64,False
12,DHARMADAM,163674,5,MADHU.S.VAYANAN,M,55,GEN,BSP,,797,0,797,0.59,False
13,THALASSERY,149689,1,KODIYERI BALAKRISHNAN,M,57,GEN,CPM,,66528,342,66870,56.78,True
13,THALASSERY,149689,2,RIJIL MAKKUTTY,M,28,GEN,INC,,40220,141,40361,34.27,False
13,THALASSERY,149689,3,ADV. V. RATHNAKARAN,M,46,GEN,BJP,,6950,23,6973,5.92,False
13,THALASSERY,149689,4,A.C JALALUDDIN,M,48,GEN,SDPI,,2068,0,2068,1.76,False
13,THALASSERY,149689,5,K.RAGHUNATH,M,41,GEN,BSP,,674,0,674,0.57,False
13,THALASSERY,149689,6,RIJIL MULIYIL,M,31,GEN,IND,,539,0,539,0.46,False
13,THALASSERY,149689,7,BALAKRISHNAN,M,40,GEN,IND,,278,0,278,0.24,False
14,KUTHUPARAMBA,160335,1,K.P.MOHANAN S/O P R KURUP,M,61,GEN,SJD,,57010,154,57164,44.68,True
14,KUTHUPARAMBA,160335,2,S A PUTHIYA VALAPPIL,M,64,GEN,IND,,53555,306,53861,42.1,False
14,KUTHUPARAMBA,160335,3,O.K.VASU MASTER,M,59,GEN,BJP,,11831,4,11835,9.25,False
14,KUTHUPARAMBA,160335,4,K.P. MOHANAN S/O KUNHIKANNAN,M,51,GEN,IND,,1982,0,1982,1.55,False
14,KUTHUPARAMBA,160335,5,S POOVALAPPIL,M,61,GEN,IND,,1199,0,1199,0.94,False
14,KUTHUPARAMBA,160335,6,K.P. MOHANAN S/O NANU,M,48,GEN,IND,,1130,0,1130,0.88,False
14,KUTHUPARAMBA,160335,7,SULAIM T.B,M,31,GEN,IND,,758,0,758,0.59,False
15,MATTANNUR,160711,1,E.P.JAYARAJAN,M,60,GEN,CPM,,74741,436,75177,56.55,True
15,MATTANNUR,160711,2,JOSEPH CHAAVARA,M,50,GEN,SJD,,44480,185,44665,33.6,False
15,MATTANNUR,160711,3,BIJU ELAKKUZHI,M,32,GEN,BJP,,8689,18,8707,6.55,False
15,MATTANNUR,160711,4,ADV.K.C.MUHAMMAD SABEER,M,38,GEN,SDPI,,2757,0,2757,2.07,False
15,MATTANNUR,160711,5,JOSEPH,M,43,GEN,IND,,858,0,858,0.65,False
15,MATTANNUR,160711,6,HAMEED,M,35,GEN,BSP,,781,2,783,0.59,False
16,PERAVOOR,145983,1,ADV.SUNNY JOSEPH,M,58,GEN,INC,,55894,257,56151,48.07,True
16,PERAVOOR,145983,2,K.K.SHAILAJA TEACHER,F,54,GEN,CPM,,52479,232,52711,45.12,False
16,PERAVOOR,145983,3,P.K.VELAYUDHAN.,M,57,SC,BJP,,4045,10,4055,3.47,False
16,PERAVOOR,145983,4,P.K. AYYAPPAN MASTER.,M,59,GEN,SDPI,,1537,0,1537,1.32,False
16,PERAVOOR,145983,5,SUNNY JOSEPH,M,39,GEN,IND,,903,0,903,0.77,False
16,PERAVOOR,145983,6,A.SHYLAJA,F,37,GEN,IND,,565,0,565,0.48,False
16,PERAVOOR,145983,7,RAGHAVAN,M,52,ST,BSP,,526,0,526,0.45,False
16,PERAVOOR,145983,8,RADHAMANI NARAYANA KUMAR,F,50,GEN,IND,,365,0,365,0.31,False
17,MANANTHAVADY  (ST),167097,1,P.K.JAYALAKSHMI,F,28,ST,INC,,62844,152,62996,50.78,True
17,MANANTHAVADY  (ST),167097,2,K.C.KUNHIRAMAN,M,51,ST,CPM,,50059,203,50262,40.52,False
17,MANANTHAVADY  (ST),167097,3,IRUMUTTOOR KUNHAMAN,M,60,ST,BJP,,5727,5,5732,4.62,False
17,MANANTHAVADY  (ST),167097,4,A. GOPAKUMAR,M,45,ST,SDPI,,2341,1,2342,1.89,False
17,MANANTHAVADY  (ST),167097,5,P.U BABU,M,29,ST,IND,,1712,0,1712,1.38,False
17,MANANTHAVADY  (ST),167097,6,ANNAN- MADAKKIMALA,M,54,ST,BSP,,1008,0,1008,0.81,False
18,SULTHANBATHERY  (ST),198645,1,I.C BALAKRISHNAN,M,36,ST,INC,,71417,92,71509,49.14,True
18,SULTHANBATHERY  (ST),198645,2,E.A .SANKARAN,M,36,ST,CPM,,63620,306,63926,43.93,False
18,SULTHANBATHERY  (ST),198645,3,PALLIYARA RAMAN,M,66,ST,BJP,,8818,11,8829,6.07,False
18,SULTHANBATHERY  (ST),198645,4,MUKUNDAN CHEENGERI,M,67,ST,BSP,,1248,0,1248,0.86,False
19,KALPETTA,170245,1,M.V SREYAMSKUMAR,M,44,GEN,SJD,,66871,147,67018,52.94,True
19,KALPETTA,170245,2,P.A MUHAMMED,M,72,GEN,CPM,,48633,216,48849,38.59,False
19,KALPETTA,170245,3,ANAND KUMAR.P.G,M,44,GEN,BJP,,6575,5,6580,5.2,False
19,KALPETTA,170245,4,JAMEELA,F,44,GEN,SDPI,,1596,1,1597,1.26,False
19,KALPETTA,170245,5,K. NASEERUDHEEN,M,32,GEN,IND,,1197,0,1197,0.95,False
19,KALPETTA,170245,6,CLEATUS,M,55,GEN,IND,,758,2,760,0.6,False
19,KALPETTA,170245,7,MUJEEB RAHMAN ANJUKUNNU,M,34,GEN,BSP,,582,1,583,0.46,False
20,VADAKARA,141564,1,C.K.NANU,M,79,GEN,JD(S),,46551,361,46912,41.05,True
20,VADAKARA,141564,2,ADV.M.K. PREMNATH,M,59,GEN,SJD,,45882,183,46065,40.31,False
20,VADAKARA,141564,3,N.VENU,M,46,GEN,IND,,10064,34,10098,8.84,False
20,VADAKARA,141564,4,M.P.RAJAN,M,49,GEN,BJP,,6898,11,6909,6.05,False
20,VADAKARA,141564,5,SAALIM AZHIYUR,M,29,GEN,SDPI,,3487,1,3488,3.05,False
20,VADAKARA,141564,6,V.K.PREMANATHAN,M,57,GEN,IND,,794,1,795,0.7,False
21,KUTTIADI,162389,1,K.K.LATHIKA,F,49,GEN,CPM,,69616,642,70258,49.32,True
21,KUTTIADI,162389,2,SOOPI NARIKKATTERI,M,49,GEN,MUL,,62838,448,63286,44.43,False
21,KUTTIADI,162389,3,V.K.SAJEEVAN,M,35,GEN,BJP,,6251,21,6272,4.4,False
21,KUTTIADI,162389,4,ABDUL RAHEEM MASTER,M,38,GEN,SDPI,,1042,3,1045,0.73,False
21,KUTTIADI,162389,5,M.SATHI,F,47,SC,BSP,,407,0,407,0.29,False
21,KUTTIADI,162389,6,SOOPI THODUVAYIL VALAPPIL MEETHAL,M,42,GEN,IND,,333,0,333,0.23,False
21,KUTTIADI,162389,7,LATHIKA VALIYAKULANGARA KUNIYIL,F,36,GEN,IND,,247,0,247,0.17,False
21,KUTTIADI,162389,8,SOOPI ALAKKATT,M,69,GEN,IND,,209,0,209,0.15,False
21,KUTTIADI,162389,9,LATHIKA NIDUMANALKUNI,F,41,GEN,IND,,207,0,207,0.15,False
21,KUTTIADI,162389,10,"M.K.RAJAN,",M,49,GEN,SUCI,,189,0,189,0.13,False
22,NADAPURAM,177993,1,E.K.VIJAYAN,M,58,GEN,CPI,,71791,287,72078,49.22,True
22,NADAPURAM,177993,2,V.M.CHANDRAN,M,49,GEN,INC,,64229,303,64532,44.07,False
22,NADAPURAM,177993,3,ADV.PRAKASH BABU,M,31,GEN,BJP,,6053,5,6058,4.14,False
22,NADAPURAM,177993,4,ISMAIL KAMMANA,M,39,GEN,SDPI,,1865,0,1865,1.27,False
22,NADAPURAM,177993,5,CHANDRAN,M,41,GEN,IND,,745,0,745,0.51,False
22,NADAPURAM,177993,6,C.K VIJAYAN,M,45,GEN,IND,,708,0,708,0.48,False
22,NADAPURAM,177993,7,K.P.VIJAYAN,M,37,GEN,IND,,444,0,444,0.3,False
23,QUILANDY,166632,1,K.DASAN,M,58,GEN,CPM,,63783,591,64374,47.2,True
23,QUILANDY,166632,2,AD.K.P.ANIL KUMAR,M,42,GEN,INC,,59915,320,60235,44.16,False
23,QUILANDY,166632,3,T.P.JAYACHANDRAN MASTER,M,49,GEN,BJP,,8067,19,8086,5.93,False
23,QUILANDY,166632,4,C.MUNEER,M,34,GEN,IND,,985,0,985,0.72,False
23,QUILANDY,166632,5,"RASHID,P.T",M,33,GEN,SDPI,,985,0,985,0.72,False
23,QUILANDY,166632,6,K.P.ANILKUMAR,M,49,GEN,IND,,520,0,520,0.38,False
23,QUILANDY,166632,7,"K.V.KRISHNAN,KODUVAYAL",M,48,GEN,BSP,,466,0,466,0.34,False
23,QUILANDY,166632,8,DASAN M.K,M,47,GEN,IND,,418,0,418,0.31,False
23,QUILANDY,166632,9,"DASAN,V.K",M,53,GEN,IND,,325,0,325,0.24,False
24,PERAMBRA,159699,1,K. KUNHAMMAD MASTER,M,61,GEN,CPM,,69439,809,70248,51.91,True
24,PERAMBRA,159699,2,ADV. MOHAMMED IKBAL,M,42,GEN,KEC(M),,54535,444,54979,40.62,False
24,PERAMBRA,159699,3,P.CHANDRIKA TEACHER,F,58,GEN,BJP,,7201,13,7214,5.33,False
24,PERAMBRA,159699,4,T.K.KUNHAMMAD FAISY,M,43,GEN,SDPI,,1491,3,1494,1.1,False
24,PERAMBRA,159699,5,AKHILKUMAR,M,25,SC,IND,,800,1,801,0.59,False
24,PERAMBRA,159699,6,K.K.VASU,M,55,SC,BSP,,598,0,598,0.44,False
25,BALUSSERI  (SC),185109,1,PURUSHAN KADALUNDI,M,62,SC,CPM,,73631,628,74259,49.18,True
25,BALUSSERI  (SC),185109,2,A. BALARAM,M,70,SC,INC,,64852,525,65377,43.29,False
25,BALUSSERI  (SC),185109,3,ADV.T.K.RAMAN,M,69,SC,BJP,,9287,17,9304,6.16,False
25,BALUSSERI  (SC),185109,4,BHADRAN.M.P,M,47,SC,SDPI,,1404,0,1404,0.93,False
25,BALUSSERI  (SC),185109,5,K.K.SATHEESH,M,38,SC,BSP,,659,1,660,0.44,False
26,ELATHUR,162830,1,A.K. SASEENDRAN,M,64,GEN,NCP,,66590,553,67143,50.14,True
26,ELATHUR,162830,2,SHAIK P HARRIZ,M,45,GEN,SJD,,52005,484,52489,39.2,False
26,ELATHUR,162830,3,V V RAJAN,M,54,GEN,BJP,,11859,42,11901,8.89,False
26,ELATHUR,162830,4,A SASINDRAN,M,54,GEN,IND,,1400,2,1402,1.05,False
26,ELATHUR,162830,5,RAMESH NANMANDA,M,41,SC,BSP,,970,1,971,0.73,False
27,KOZHIKODE NORTH,150425,1,A. PRADEEP KUMAR,M,46,GEN,CPM,,56624,499,57123,49.12,True
27,KOZHIKODE NORTH,150425,2,P.V GANGADHARAN,M,67,GEN,INC,,47837,288,48125,41.38,False
27,KOZHIKODE NORTH,150425,3,P. REGHUNATH,M,42,GEN,BJP,,9874,20,9894,8.51,False
27,KOZHIKODE NORTH,150425,4,PRADEEP KUMAR,M,48,GEN,IND,,420,0,420,0.36,False
27,KOZHIKODE NORTH,150425,5,GANGADHARAN,M,63,GEN,IND,,366,1,367,0.32,False
27,KOZHIKODE NORTH,150425,6,LOOKA JOSEPH,M,58,GEN,BSP,,229,0,229,0.2,False
27,KOZHIKODE NORTH,150425,7,P.M SREEKUMAR,M,42,GEN,SUCI,,142,0,142,0.12,False
28,KOZHIKODE SOUTH,132780,1,DR. M.K. MUNEER,M,48,GEN,MUL,,47646,125,47771,46.08,True
28,KOZHIKODE SOUTH,132780,2,C.P. MUSAFER AHAMMED,M,39,GEN,CPM,,46219,176,46395,44.75,False
28,KOZHIKODE SOUTH,132780,3,JAYA SADANANDAN,F,43,GEN,BJP,,7500,12,7512,7.25,False
28,KOZHIKODE SOUTH,132780,4,FAIZ MOHAMMED,M,45,GEN,SDPI,,747,2,749,0.72,False
28,KOZHIKODE SOUTH,132780,5,T.T. MUNEER,M,39,GEN,IND,,488,0,488,0.47,False
28,KOZHIKODE SOUTH,132780,6,MUSSAFAR AHAMMED,M,33,GEN,IND,,433,0,433,0.42,False
28,KOZHIKODE SOUTH,132780,7,MUHAMMED ASHARAF,M,51,GEN,BSP,,322,1,323,0.31,False
29,BEYPORE,164045,1,ELAMARAM KAREEM,M,57,GEN,CPM,,60280,270,60550,46.8,True
29,BEYPORE,164045,2,ADAM MULSI .M.P.,M,30,GEN,INC,,55061,173,55234,42.69,False
29,BEYPORE,164045,3,K.P.SREESAN,M,56,GEN,BJP,,11031,9,11040,8.53,False
29,BEYPORE,164045,4,MUHAMMED MUSTHAFA,M,29,GEN,SDPI,,952,2,954,0.74,False
29,BEYPORE,164045,5,K.S.HARIHARAN,M,48,GEN,IND,,562,2,564,0.44,False
29,BEYPORE,164045,6,K.T.LATHA,F,46,SC,BSP,,469,0,469,0.36,False
29,BEYPORE,164045,7,ADAM MALIQUE .E,M,36,GEN,IND,,396,0,396,0.31,False
29,BEYPORE,164045,8,ABDUL KAREEM,M,40,GEN,IND,,183,0,183,0.14,False
30,KUNNAMANGALAM,178089,1,ADV.P.T.A.RAHIM,M,62,GEN,IND,,65597,572,66169,44.06,True
30,KUNNAMANGALAM,178089,2,U.C.RAMAN,M,45,SC,IND,,62439,461,62900,41.88,False
30,KUNNAMANGALAM,178089,3,C.K.PADMANABHAN,M,61,GEN,BJP,,17086,37,17123,11.4,False
30,KUNNAMANGALAM,178089,4,C.MUHAMMED MASTER,M,57,GEN,SDPI,,1177,1,1178,0.78,False
30,KUNNAMANGALAM,178089,5,RAMAN.C.K,M,54,SC,IND,,700,1,701,0.47,False
30,KUNNAMANGALAM,178089,6,K.K.KUNHIKANARAN,M,64,GEN,IND,,426,1,427,0.28,False
30,KUNNAMANGALAM,178089,7,E.P.ABDUL RAHEEM,M,28,GEN,IND,,421,0,421,0.28,False
30,KUNNAMANGALAM,178089,8,RAMAN.P.C,M,71,ST,IND,,404,0,404,0.27,False
30,KUNNAMANGALAM,178089,9,ABDU RAHEEM.M.T,M,28,GEN,IND,,325,0,325,0.22,False
30,KUNNAMANGALAM,178089,10,M.P.BABURAJ,M,47,GEN,SHS,,303,0,303,0.2,False
30,KUNNAMANGALAM,178089,11,O.P.SUNDARAN,M,35,SC,BSP,,234,2,236,0.16,False
31,KODUVALLY,142384,1,V.M.UMMER MASTER,M,54,GEN,MUL,,60005,360,60365,53.03,True
31,KODUVALLY,142384,2,M.MEHABOOB,M,51,GEN,CPM,,43489,324,43813,38.49,False
31,KODUVALLY,142384,3,GIREESH THEVALLY,M,42,GEN,BJP,,6508,11,6519,5.73,False
31,KODUVALLY,142384,4,M.T.ABU HAJI,M,50,GEN,SDPI,,1683,5,1688,1.48,False
31,KODUVALLY,142384,5,ABOOBAKER,M,51,GEN,BSP,,496,0,496,0.44,False
31,KODUVALLY,142384,6,MEHABOOB KANICHADIKKUZHI VALEPARAMMEL,M,31,GEN,IND,,324,0,324,0.28,False
31,KODUVALLY,142384,7,UMMER,M,61,GEN,IND,,313,0,313,0.27,False
31,KODUVALLY,142384,8,MEHABOOB ILLIKKATHODI,M,30,GEN,IND,,306,0,306,0.27,False
32,THIRUVAMBADY,145763,1,C MOYINKUTTY,M,67,GEN,MUL,,56105,281,56386,48.71,True
32,THIRUVAMBADY,145763,2,GEORGE M THOMAS,M,57,GEN,CPM,,52143,410,52553,45.4,False
32,THIRUVAMBADY,145763,3,JOSE KAPPATTMALA,M,54,GEN,BJP,,3889,5,3894,3.36,False
32,THIRUVAMBADY,145763,4,C T ASHRAF,M,38,GEN,SDPI,,787,3,790,0.68,False
32,THIRUVAMBADY,145763,5,K MOYINKUTTY,M,42,GEN,IND,,576,0,576,0.5,False
32,THIRUVAMBADY,145763,6,GEORGE THOMAS,M,52,GEN,IND,,572,2,574,0.5,False
32,THIRUVAMBADY,145763,7,K P BASHEER HAJI,M,54,GEN,IND,,541,0,541,0.47,False
32,THIRUVAMBADY,145763,8,GAFOOR PUTHUPPADY,M,38,GEN,BSP,,440,0,440,0.38,False
33,KONDOTTY,158057,1,K MUHAMMEDUNNI HAJI,M,67,GEN,MUL,,67706,292,67998,56.82,True
33,KONDOTTY,158057,2,P C NAUSHAD,M,42,GEN,CPM,,39666,183,39849,33.3,False
33,KONDOTTY,158057,3,DR KUMARI SUKUMARAN,F,61,GEN,BJP,,6835,5,6840,5.72,False
33,KONDOTTY,158057,4,ABDU RAHIMAN P T (BAPPU),M,50,GEN,SDPI,,2019,7,2026,1.69,False
33,KONDOTTY,158057,5,T K MAMMUNNI HAJI,M,72,GEN,IND,,1817,0,1817,1.52,False
33,KONDOTTY,158057,6,E P MADHAVAN,M,60,SC,BSP,,729,1,730,0.61,False
33,KONDOTTY,158057,7,NOUSHAD P,M,37,GEN,IND,,415,0,415,0.35,False
34,ERANAD,141833,1,P.K.BASHEER,M,51,GEN,MUL,,58354,344,58698,51.29,True
34,ERANAD,141833,2,ANVER.P.V,M,43,GEN,IND,,47302,150,47452,41.47,False
34,ERANAD,141833,3,K.P. BABURAJ MASTER,M,46,GEN,BJP,,3438,10,3448,3.01,False
34,ERANAD,141833,4,ASHRAFALI KALIYATH,M,36,GEN,CPI,,2688,12,2700,2.36,False
34,ERANAD,141833,5,P.P.SHOWKATHALI,M,45,GEN,SDPI,,2130,7,2137,1.87,False
35,NILAMBUR,174945,1,ARYADAN MOHAMMED,M,75,GEN,INC,,66117,214,66331,48.64,True
35,NILAMBUR,174945,2,PROFESSOR.M.THOMAS MATHEW,M,55,GEN,IND,,60430,303,60733,44.54,False
35,NILAMBUR,174945,3,K.C.VELAYUDHAN,M,48,GEN,BJP,,4423,2,4425,3.25,False
35,NILAMBUR,174945,4,C.G.UNNI,M,43,GEN,SDPI,,2566,0,2566,1.88,False
35,NILAMBUR,174945,5,THARIYAN KILIYAN,M,62,SC,BSP,,1291,0,1291,0.95,False
35,NILAMBUR,174945,6,THOMAS MATHEW,M,50,GEN,IND,,1012,0,1012,0.74,False
36,WANDOOR  (SC),180715,1,A.P.ANILKUMAR,M,46,SC,INC,,77394,186,77580,58.5,True
36,WANDOOR  (SC),180715,2,V. RAMESAN,M,39,SC,CPM,,48556,105,48661,36.69,False
36,WANDOOR  (SC),180715,3,KOTHERI AYYAPPAN,M,53,SC,BJP,,2882,3,2885,2.18,False
36,WANDOOR  (SC),180715,4,KRISHNAN ERANHIKKAL,M,38,SC,SDPI,,1680,2,1682,1.27,False
36,WANDOOR  (SC),180715,5,P. ANILKUMAR,M,40,SC,IND,,953,0,953,0.72,False
36,WANDOOR  (SC),180715,6,T.C.THEYYAN,M,59,SC,IND,,849,0,849,0.64,False
37,MANJERI,164144,1,ADV.M.UMMER,M,57,GEN,MUL,,67473,121,67594,57.99,True
37,MANJERI,164144,2,P.GOURI,F,59,GEN,CPI,,38413,102,38515,33.05,False
37,MANJERI,164144,3,P.G.UPENDRAN,M,50,GEN,BJP,,6305,14,6319,5.42,False
37,MANJERI,164144,4,JALEEL NEELAMBRA,M,55,GEN,SDPI,,2902,4,2906,2.49,False
37,MANJERI,164144,5,FEROZ BABU ISHTADANAM,M,31,GEN,IND,,653,0,653,0.56,False
37,MANJERI,164144,6,SHAMSUDHEEN ASLAMI,M,26,GEN,BSP,,565,1,566,0.49,False
38,PERINTHALMANNA,165042,1,MANJALAMKUZHI ALI,M,58,GEN,MUL,,69534,196,69730,52.14,True
38,PERINTHALMANNA,165042,2,SASIKUMAR,M,49,GEN,CPM,,59796,345,60141,44.97,False
38,PERINTHALMANNA,165042,3,C.K .KUNHIMUHAMMED,M,54,GEN,BJP,,1985,4,1989,1.49,False
38,PERINTHALMANNA,165042,4,SAEED MADANI,M,45,GEN,SDPI,,1066,1,1067,0.8,False
38,PERINTHALMANNA,165042,5,MOHAMMED ALI,M,56,GEN,IND,,808,0,808,0.6,False
39,MANKADA,164067,1,T.A.AHMED KABEER,M,55,GEN,MUL,,67463,293,67756,55.88,True
39,MANKADA,164067,2,KADEEJA SATHAR,F,44,GEN,CPM,,43936,227,44163,36.42,False
39,MANKADA,164067,3,MANIKANDAN.K,M,38,SC,BJP,,4382,5,4387,3.62,False
39,MANKADA,164067,4,DR.C.H.ASHRAF,M,44,GEN,SDPI,,3007,8,3015,2.49,False
39,MANKADA,164067,5,ANWAR BABU,M,37,GEN,IND,,1925,1,1926,1.59,False
40,MALAPPURAM,167739,1,P. UBAIDULLA,M,51,GEN,MUL,,77612,316,77928,63.75,True
40,MALAPPURAM,167739,2,MADATHIL SADIKALI,M,40,GEN,JD(S),,33290,130,33420,27.34,False
40,MALAPPURAM,167739,3,SADIK NADUTHODI,M,41,GEN,SDPI,,3956,12,3968,3.25,False
40,MALAPPURAM,167739,4,K. VELAYUDHAN,M,59,GEN,BJP,,3838,3,3841,3.14,False
40,MALAPPURAM,167739,5,ABU THWAHIR,M,30,GEN,IND,,2179,0,2179,1.78,False
40,MALAPPURAM,167739,6,POOKK ATTIL ALI HAJI,M,56,GEN,IND,,908,1,909,0.74,False
41,VENGARA,144317,1,P.K.KUNHALIKUTTY,M,59,GEN,MUL,,63038,100,63138,63.44,True
41,VENGARA,144317,2,K.P.ISMAYIL,M,51,GEN,INL,,24856,45,24901,25.02,False
41,VENGARA,144317,3,ABDUL MAJEED FAIZI,M,40,GEN,SDPI,,4682,1,4683,4.71,False
41,VENGARA,144317,4,SUBRAHMANIAN,M,40,SC,BJP,,3417,0,3417,3.43,False
41,VENGARA,144317,5,K.P.ISMAYIL(KALLUPARAMBAN),M,42,GEN,IND,,1615,0,1615,1.62,False
41,VENGARA,144317,6,KUNHALIKUTTY.K.P.,M,61,GEN,IND,,1079,0,1079,1.08,False
41,VENGARA,144317,7,SAFARUDEEN,M,36,GEN,BSP,,405,0,405,0.41,False
41,VENGARA,144317,8,ISMAYIL.K.T,M,34,GEN,IND,,292,0,292,0.29,False
42,VALLIKKUNNU,156307,1,ADV.K.N.A.KHADER,M,61,GEN,MUL,,57023,227,57250,50.53,True
42,VALLIKKUNNU,156307,2,K.V. SANKARANARAYANAN,M,63,GEN,IND,,38843,285,39128,34.53,False
42,VALLIKKUNNU,156307,3,PREMAN MASTER,M,47,GEN,BJP,,11059,40,11099,9.8,False
42,VALLIKKUNNU,156307,4,SALAM MOONNIYUR,M,33,GEN,PDP,,2666,0,2666,2.35,False
42,VALLIKKUNNU,156307,5,ABDUL LATHEEF,M,55,GEN,SDPI,,2568,3,2571,2.27,False
42,VALLIKKUNNU,156307,6,NEELAKANTAN CHELARI,M,50,SC,BSP,,590,0,590,0.52,False
43,TIRURANGADI,152896,1,P.K.ABDU RABB,M,62,GEN,MUL,,58558,108,58666,58.48,True
43,TIRURANGADI,152896,2,ADV.K.K.ABDU SAMAD,M,30,GEN,CPI,,28414,44,28458,28.37,False
43,TIRURANGADI,152896,3,SASIDHARAN PUNNASSERY,M,52,GEN,BJP,,5480,0,5480,5.46,False
43,TIRURANGADI,152896,4,IBRAHIM THIRURANGADI,M,40,GEN,PDP,,4281,0,4281,4.27,False
43,TIRURANGADI,152896,5,ADV.A.A.RAHIM,M,36,GEN,SDPI,,2945,0,2945,2.94,False
43,TIRURANGADI,152896,6,ABUYAZAR,M,33,GEN,BSP,,492,1,493,0.49,False
44,TANUR,133276,1,ABDURAHIMAN RANDATHANI,M,50,GEN,MUL,,51491,58,51549,49.52,True
44,TANUR,133276,2,E.JAYAN,M,40,GEN,CPM,,42017,99,42116,40.45,False
44,TANUR,133276,3,RAVI THELATH,M,33,GEN,BJP,,7299,5,7304,7.02,False
44,TANUR,133276,4,K.K.MAJEED KHASIMI,M,37,GEN,SDPI,,3137,0,3137,3.01,False
45,TIRUR,166314,1,C MAMMOOTTY,M,51,GEN,MUL,,69162,143,69305,54.85,True
45,TIRUR,166314,2,P P ABDULLAKUTTY,M,68,GEN,CPM,,45647,92,45739,36.2,False
45,TIRUR,166314,3,P T ALI HAJI,M,60,GEN,BJP,,5540,3,5543,4.39,False
45,TIRUR,166314,4,A.K  MAJEED MASTER,M,38,GEN,SDPI,,2694,2,2696,2.13,False
45,TIRUR,166314,5,ALIKUTTY ALIAS BAPPU PUTHANATHANI,M,38,GEN,PDP,,1802,0,1802,1.43,False
45,TIRUR,166314,6,MOHANDAS,M,31,GEN,IND,,781,0,781,0.62,False
45,TIRUR,166314,7,T AYYAPPAN,M,61,SC,BSP,,487,0,487,0.39,False
46,KOTTAKKAL,167498,1,ABDUSSAMAD SAMADANI,M,52,GEN,MUL,,69569,148,69717,58.91,True
46,KOTTAKKAL,167498,2,DR.C.P.K.GURUKKAL,M,61,GEN,NCP,,33715,100,33815,28.57,False
46,KOTTAKKAL,167498,3,K.K. SURENDRAN,M,46,GEN,BJP,,7774,8,7782,6.58,False
46,KOTTAKKAL,167498,4,ALI KADAMPUZHA,M,44,GEN,PDP,,3026,1,3027,2.56,False
46,KOTTAKKAL,167498,5,ADV.K.C.NASEER,M,32,GEN,SDPI,,2644,6,2650,2.24,False
46,KOTTAKKAL,167498,6,KADAMPUZHA BINDHU DEVARAJAN,F,45,GEN,IND,,894,0,894,0.76,False
46,KOTTAKKAL,167498,7,MADATHIL MUHAMMAD ELLIAS,M,40,GEN,BSP,,458,0,458,0.39,False
47,THAVANUR,156486,1,DR.K.T. JALEEL,M,45,GEN,IND,,57535,194,57729,47.2,True
47,THAVANUR,156486,2,ADV. V.V. PRAKASH,M,47,GEN,INC,,50752,123,50875,41.6,False
47,THAVANUR,156486,3,NIRMALA KUTTIKRISHNAN PUNNAKKAL,F,54,GEN,BJP,,7101,6,7107,5.81,False
47,THAVANUR,156486,4,NURUL HACK,M,33,GEN,SDPI,,3116,0,3116,2.55,False
47,THAVANUR,156486,5,V V PRAKASHAN,M,34,SC,IND,,1351,0,1351,1.1,False
47,THAVANUR,156486,6,T.A.  JALEEL,M,47,GEN,IND,,820,0,820,0.67,False
47,THAVANUR,156486,7,T.K. JALEEL,M,40,GEN,IND,,768,0,768,0.63,False
47,THAVANUR,156486,8,NANDA KUMAR,M,49,SC,BSP,,531,0,531,0.43,False
48,PONNANI,158680,1,P.SREERAMAKRISHNAN,M,43,GEN,CPM,,57485,130,57615,47.55,True
48,PONNANI,158680,2,P.T.AJAY MOHAN,M,45,GEN,INC,,53429,85,53514,44.17,False
48,PONNANI,158680,3,V.T.JAYAPRAKASH MASTER,M,54,GEN,BJP,,5678,2,5680,4.69,False
48,PONNANI,158680,4,YAHIYA KOYA THANGAL,M,36,GEN,SDPI,,3249,1,3250,2.68,False
48,PONNANI,158680,5,AJAYAN,M,37,GEN,IND,,1099,0,1099,0.91,False
49,THRITHALA,155638,1,ADV.V.T. BALRAM,M,32,GEN,INC,,57727,121,57848,47.37,True
49,THRITHALA,155638,2,MAMMIKUTTY. P,M,58,GEN,CPM,,54424,227,54651,44.75,False
49,THRITHALA,155638,3,V. RAMANKUTTY,M,72,GEN,BJP,,5888,11,5899,4.83,False
49,THRITHALA,155638,4,BABURAJAN. O.T,M,43,SC,SDPI,,1320,0,1320,1.08,False
49,THRITHALA,155638,5,P.MAMMIKUTTY,M,49,GEN,IND,,902,0,902,0.74,False
49,THRITHALA,155638,6,P. SHAMSUDHEEN,M,38,GEN,PDP,,590,0,590,0.48,False
49,THRITHALA,155638,7,RAMESAN PERUMANNUR,M,34,SC,BSP,,542,1,543,0.44,False
49,THRITHALA,155638,8,K BALARAMAN,M,40,ST,IND,,367,0,367,0.3,False
50,PATTAMBI,153713,1,C.P.MOHAMMED,M,58,GEN,INC,,57594,134,57728,49.0,True
50,PATTAMBI,153713,2,K.P.SURESH  RAJ,M,40,GEN,CPI,,45058,195,45253,38.41,False
50,PATTAMBI,153713,3,POOKKATTIRI BABU,M,41,GEN,BJP,,8860,14,8874,7.53,False
50,PATTAMBI,153713,4,ADV.K.M. ASHARAF,M,55,GEN,SDPI,,3742,0,3742,3.18,False
50,PATTAMBI,153713,5,SURESH,M,45,GEN,IND,,754,0,754,0.64,False
50,PATTAMBI,153713,6,ASHARAF ALI VALLAPPUZHA,M,39,GEN,BSP,,748,1,749,0.64,False
50,PATTAMBI,153713,7,MASEEF HAJI,M,45,GEN,PDP,,718,0,718,0.61,False
51,SHORNUR,163885,1,K.S.SALEEKHA,F,50,GEN,CPM,,59389,227,59616,49.57,True
51,SHORNUR,163885,2,SANTHA JAYARAM,F,56,GEN,INC,,46033,90,46123,38.35,False
51,SHORNUR,163885,3,V.B.MURALIDHARAN,M,36,GEN,BJP,,10553,9,10562,8.78,False
51,SHORNUR,163885,4,KHALID.A,M,35,GEN,SDPI,,3064,1,3065,2.55,False
51,SHORNUR,163885,5,M.C.VELAYUDHAN,M,58,SC,BSP,,893,1,894,0.74,False
52,OTTAPALAM,175066,1,M. HAMZA,M,49,GEN,CPM,,64651,372,65023,49.47,True
52,OTTAPALAM,175066,2,V.K. SREEKANDAN,M,41,GEN,INC,,51614,206,51820,39.43,False
52,OTTAPALAM,175066,3,P. VENUGOPALAN,M,42,GEN,BJP,,9622,9,9631,7.33,False
52,OTTAPALAM,175066,4,E.S. KAJAHUSSAIN,M,41,GEN,SDPI,,1932,1,1933,1.47,False
52,OTTAPALAM,175066,5,M. HAMZA,M,25,GEN,IND,,1097,0,1097,0.83,False
52,OTTAPALAM,175066,6,K.T.PADMINI,F,37,SC,BSP,,946,1,947,0.72,False
52,OTTAPALAM,175066,7,N. HAMZA,M,47,GEN,IND,,604,0,604,0.46,False
52,OTTAPALAM,175066,8,ARAVINDAN KARIMPUZHA,M,40,GEN,IND,,379,0,379,0.29,False
53,KONGAD  (SC),155799,1,K.V.VIJAYADAS,M,51,SC,CPM,,52708,212,52920,46.63,True
53,KONGAD  (SC),155799,2,P.SWAMINATHAN,M,42,SC,INC,,49208,147,49355,43.49,False
53,KONGAD  (SC),155799,3,V.DEVAYANI,F,40,SC,BJP,,8454,13,8467,7.46,False
53,KONGAD  (SC),155799,4,VIJAYADASAN,M,34,SC,IND,,1543,0,1543,1.36,False
53,KONGAD  (SC),155799,5,K. VELAYUDHAN,M,61,SC,BSP,,1194,4,1198,1.06,False
54,MANNARKAD,166275,1,ADVOCATE N. SAMSUDHEEN,M,41,GEN,MUL,,59939,252,60191,49.66,True
54,MANNARKAD,166275,2,V. CHAMUNNI,M,62,GEN,CPI,,51681,240,51921,42.84,False
54,MANNARKAD,166275,3,O.P. VASUDEVANUNNI,M,33,GEN,BJP,,5644,11,5655,4.67,False
54,MANNARKAD,166275,4,CHAMUNNI,M,59,GEN,IND,,1370,0,1370,1.13,False
54,MANNARKAD,166275,5,MUHAMMED GAFOOR MADANI,M,30,GEN,SDPI,,1238,0,1238,1.02,False
54,MANNARKAD,166275,6,RAMAKRISHNAN.A,M,39,SC,BSP,,818,2,820,0.68,False
55,MALAMPUZHA,180648,1,V.S.ACHUTHANANDAN.,M,87,GEN,CPM,,77282,470,77752,57.04,True
55,MALAMPUZHA,180648,2,LATHIKA SUBHASH,F,47,GEN,INC,,54095,217,54312,39.84,False
55,MALAMPUZHA,180648,3,ADV.P. K. MAJEED PEDIKKATT,M,55,GEN,JD(U),,2772,0,2772,2.03,False
55,MALAMPUZHA,180648,4,RAVI PALLATHERI,M,29,SC,BSP,,1478,2,1480,1.09,False
56,PALAKKAD,154374,1,SHAFI PARAMBIL,M,27,GEN,INC,,47475,166,47641,42.41,True
56,PALAKKAD,154374,2,K. K. DIVAKARAN,M,64,GEN,CPM,,39967,271,40238,35.82,False
56,PALAKKAD,154374,3,C. UDAYBHASKAR,M,57,GEN,BJP,,22273,44,22317,19.86,False
56,PALAKKAD,154374,4,SHAJI ABRAHAM,M,35,GEN,IND,,637,0,637,0.57,False
56,PALAKKAD,154374,5,HARI ARUMBIL,M,27,GEN,BSP,,484,6,490,0.44,False
56,PALAKKAD,154374,6,MUHAMMED SHAFI (SHAFI PURAKARA),M,27,GEN,IND,,377,0,377,0.34,False
56,PALAKKAD,154374,7,C.SAMPATH,M,57,GEN,AIADMK,,337,0,337,0.3,False
56,PALAKKAD,154374,8,DIVAKARAN,M,55,GEN,IND,,309,1,310,0.28,False
57,TARUR  (SC),149387,1,A. K. BALAN,M,62,SC,CPM,,63961,214,64175,57.15,True
57,TARUR  (SC),149387,2,N. VINESH,M,31,SC,KEC(J),,38349,70,38419,34.21,False
57,TARUR  (SC),149387,3,M. LAKSHMANAN,M,54,SC,BJP,,5380,5,5385,4.8,False
57,TARUR  (SC),149387,4,P.C.NARAYANANKUTTY,M,44,SC,BSP,,2346,0,2346,2.09,False
57,TARUR  (SC),149387,5,K. VINESH,M,27,SC,IND,,1963,0,1963,1.75,False
58,CHITTUR,167800,1,K.ACHUTHAN,M,61,GEN,INC,,69681,235,69916,51.33,True
58,CHITTUR,167800,2,S. SUBHASH CHANDRABOSE,M,38,GEN,CPM,,57299,287,57586,42.28,False
58,CHITTUR,167800,3,A.K.OMANAKUTTAN,M,42,GEN,BJP,,4516,2,4518,3.32,False
58,CHITTUR,167800,4,K. KALADHARAN,M,43,GEN,IND,,1318,1,1319,0.97,False
58,CHITTUR,167800,5,A.MUHAMED HANEEFA,M,38,GEN,SDPI,,1192,0,1192,0.88,False
58,CHITTUR,167800,6,V. LAKSHMI,F,32,ST,BSP,,625,1,626,0.46,False
58,CHITTUR,167800,7,K.ACHUTHAN,M,54,GEN,IND,,570,0,570,0.42,False
58,CHITTUR,167800,8,A.RAJEENA,F,27,GEN,SUCI,,470,2,472,0.35,False
59,NENMARA,172069,1,V. CHENTHAMARAKSHAN,M,50,GEN,CPM,,63829,340,64169,47.86,True
59,NENMARA,172069,2,M.V.RAGHAVAN,M,77,GEN,CMPKSC,,55354,121,55475,41.38,False
59,NENMARA,172069,3,N. SIVARAJAN,M,56,GEN,BJP,,9114,9,9123,6.8,False
59,NENMARA,172069,4,SAKKEER HUSSAIN,M,39,GEN,SDPI,,1809,0,1809,1.35,False
59,NENMARA,172069,5,CHANDRAN,M,50,SC,BSP,,1484,0,1484,1.11,False
59,NENMARA,172069,6,SUGUNAN.S,M,47,GEN,AIADMK,,1279,0,1279,0.95,False
59,NENMARA,172069,7,JOY PETER.T,M,50,GEN,CPI(ML)(L),,735,0,735,0.55,False
60,ALATHUR,152827,1,M.CHANDRAN,M,64,GEN,CPM,,66771,206,66977,57.72,True
60,ALATHUR,152827,2,ADV. K. KUSALA KUMAR,M,46,GEN,KEC(M),,42169,67,42236,36.4,False
60,ALATHUR,152827,3,K.A.SULAIMAN,M,58,GEN,BJP,,5458,2,5460,4.71,False
60,ALATHUR,152827,4,P.D.PAULOSE,M,64,GEN,BSP,,1371,1,1372,1.18,False
61,CHELAKKARA  (SC),173746,1,K.RADHAKRISHNAN,M,46,SC,CPM,,73533,150,73683,55.42,True
61,CHELAKKARA  (SC),173746,2,K.B.SASIKUMAR,M,49,SC,INC,,48947,60,49007,36.86,False
61,CHELAKKARA  (SC),173746,3,V.A.KRISHNAKUMARAN,M,34,SC,BJP,,7050,6,7056,5.31,False
61,CHELAKKARA  (SC),173746,4,A. SUBRAHMANIAN,M,46,SC,SDPI,,2224,0,2224,1.67,False
61,CHELAKKARA  (SC),173746,5,SURESH BABU,M,34,SC,BSP,,972,0,972,0.73,False
62,KUNNAMKULAM,174161,1,BABU.M.PALISSERY,M,52,GEN,CPM,,58084,160,58244,44.34,True
62,KUNNAMKULAM,174161,2,C.P.JOHN,M,53,GEN,CMPKSC,,57635,128,57763,43.98,False
62,KUNNAMKULAM,174161,3,ADV.K.K.ANEESHKUMAR,M,32,GEN,BJP,,11723,2,11725,8.93,False
62,KUNNAMKULAM,174161,4,K.P.PREMAN,M,47,GEN,IND,,2059,0,2059,1.57,False
62,KUNNAMKULAM,174161,5,JOHN,M,46,GEN,IND,,860,0,860,0.65,False
62,KUNNAMKULAM,174161,6,UNNIKRISHNAN VAROLI,M,45,SC,BSP,,693,0,693,0.53,False
63,GURUVAYOOR,178144,1,K.V.ABDUL KHADER,M,47,GEN,CPM,,62111,135,62246,48.53,True
63,GURUVAYOOR,178144,2,ASHARAF KOKKUR,M,55,GEN,MUL,,52214,64,52278,40.75,False
63,GURUVAYOOR,178144,3,DAYANANDAN MAMPULLY,M,48,GEN,BJP,,9300,6,9306,7.25,False
63,GURUVAYOOR,178144,4,ASHARAFVADAKOOT,M,40,GEN,SDPI,,2187,0,2187,1.7,False
63,GURUVAYOOR,178144,5,ADV. SHAMEERBABU,M,31,GEN,IND,,1017,0,1017,0.79,False
63,GURUVAYOOR,178144,6,K.V.ABDULKHADER,M,47,GEN,IND,,415,0,415,0.32,False
63,GURUVAYOOR,178144,7,VIJAYANATH,M,61,GEN,IND,,353,0,353,0.28,False
63,GURUVAYOOR,178144,8,C.V.PREMRAJ,M,43,SC,SUCI,,242,0,242,0.19,False
63,GURUVAYOOR,178144,9,MUHAMMED ASHARAF,M,47,GEN,BSP,,232,0,232,0.18,False
64,MANALUR,189976,1,P.A. MADHAVAN,M,64,GEN,INC,,62868,209,63077,45.22,True
64,MANALUR,189976,2,BABY JOHN,M,59,GEN,CPM,,62386,210,62596,44.87,False
64,MANALUR,189976,3,P.M. GOPINATHAN,M,56,GEN,BJP,,10539,4,10543,7.56,False
64,MANALUR,189976,4,P.K. USMAN,M,34,GEN,SDPI,,2291,2,2293,1.64,False
64,MANALUR,189976,5,SURESH TACHAPPILLY,M,51,GEN,BSP,,594,0,594,0.43,False
64,MANALUR,189976,6,ARAVINDAKSHAN M.K.,M,62,GEN,KJ,,388,0,388,0.28,False
65,WADAKKANCHERY,176069,1,C.N.BALAKRISHNAN,M,76,GEN,INC,,67654,257,67911,48.79,True
65,WADAKKANCHERY,176069,2,N.R.BALAN,M,61,GEN,CPM,,60913,313,61226,43.99,False
65,WADAKKANCHERY,176069,3,SHAJUMON VATTEKAD,M,37,SC,BJP,,7440,11,7451,5.35,False
65,WADAKKANCHERY,176069,4,GOVINDAN MACHAD,M,58,SC,BSP,,1419,0,1419,1.02,False
65,WADAKKANCHERY,176069,5,BALAKRISHNAN,M,39,SC,IND,,1177,0,1177,0.85,False
66,OLLUR,176875,1,M.P. VINCENT,M,47,GEN,INC,,64606,217,64823,49.21,True
66,OLLUR,176875,2,RAJAJI MATHEW THOMAS,M,56,GEN,CPI,,58343,233,58576,44.47,False
66,OLLUR,176875,3,SUNDARARAJAN MASTER,M,49,GEN,BJP,,6757,4,6761,5.13,False
66,OLLUR,176875,4,SURESH M.R.,M,26,ST,IND,,717,0,717,0.54,False
66,OLLUR,176875,5,SUNNY K. JOHN,M,77,GEN,BSP,,433,1,434,0.33,False
66,OLLUR,176875,6,RATHEESH T. NAIR,M,28,GEN,IND,,407,0,407,0.31,False
67,THRISSUR,161886,1,ADV.THERAMBIL RAMAKRISHNAN,M,69,GEN,INC,,59685,306,59991,53.19,True
67,THRISSUR,161886,2,P. BALACHANDRAN,M,48,GEN,CPI,,43409,413,43822,38.85,False
67,THRISSUR,161886,3,ADV. RAVIKUMAR UPPATH,M,46,GEN,BJP,,6683,14,6697,5.94,False
67,THRISSUR,161886,4,THERAMBIL RAMAKRISHNAN,M,45,GEN,IND,,1405,0,1405,1.25,False
67,THRISSUR,161886,5,ADV. A. JAYARAM,M,45,GEN,BSP,,879,0,879,0.78,False
68,NATTIKA  (SC),179535,1,GEETHA GOPI,F,37,SC,CPI,,64355,200,64555,50.21,True
68,NATTIKA  (SC),179535,2,VIKAS CHAKRAPANI,M,47,SC,IND,,48394,107,48501,37.72,False
68,NATTIKA  (SC),179535,3,SARJU THOYAKKAVU,M,37,SC,BJP,,11136,8,11144,8.67,False
68,NATTIKA  (SC),179535,4,DINESH KUMAR.E.V,M,37,SC,IND,,1632,4,1636,1.27,False
68,NATTIKA  (SC),179535,5,M.S.VASANTHY,F,34,SC,IND,,826,0,826,0.64,False
68,NATTIKA  (SC),179535,6,P.K.SUBRAMANIAN,M,60,SC,BSP,,599,1,600,0.47,False
68,NATTIKA  (SC),179535,7,N.V.MANI,M,46,SC,IND,,513,0,513,0.4,False
68,NATTIKA  (SC),179535,8,C.K.CHANDRAN,M,63,SC,IND,,496,1,497,0.39,False
68,NATTIKA  (SC),179535,9,PUSHPAKARAN,M,48,SC,IND,,310,0,310,0.24,False
69,KAIPAMANGALAM,151356,1,ADV.V S SUNILKUMAR,M,43,GEN,CPI,,58570,219,58789,50.2,True
69,KAIPAMANGALAM,151356,2,UMESH CHALLIYIL,M,49,GEN,JPSS,,45133,86,45219,38.61,False
69,KAIPAMANGALAM,151356,3,A N RADHAKRISHNAN,M,50,GEN,BJP,,10708,8,10716,9.15,False
69,KAIPAMANGALAM,151356,4,M M MANOJ,M,31,SC,IND,,937,0,937,0.8,False
69,KAIPAMANGALAM,151356,5,P A KUTTAPPAN,M,53,GEN,BSP,,810,1,811,0.69,False
69,KAIPAMANGALAM,151356,6,C U NIMI,M,38,SC,IND,,638,0,638,0.54,False
70,IRINJALAKKUDA,174214,1,ADV.THOMAS UNNIYADAN,M,52,GEN,KEC(M),,68230,215,68445,51.7,True
70,IRINJALAKKUDA,174214,2,ADV. K.R.VIJAYA,F,41,GEN,CPM,,55759,282,56041,42.33,False
70,IRINJALAKKUDA,174214,3,K. C. VENU MASTER,M,52,GEN,BJP,,6669,3,6672,5.04,False
70,IRINJALAKKUDA,174214,4,T V SIVADASAN,M,36,SC,IND,,772,0,772,0.58,False
70,IRINJALAKKUDA,174214,5,SUBRAMANIAN,M,52,SC,BSP,,449,0,449,0.34,False
71,PUTHUKKAD,176055,1,C. RAVEENDRANATH,M,55,GEN,CPM,,72746,301,73047,52.84,True
71,PUTHUKKAD,176055,2,"ADV. K. P. VISWANATHAN,",M,70,GEN,INC,,46498,67,46565,33.68,False
71,PUTHUKKAD,176055,3,"SOBHA SURENDRAN,",F,35,GEN,BJP,,14418,7,14425,10.43,False
71,PUTHUKKAD,176055,4,"P. J. MONSY,",M,42,GEN,IND,,2083,1,2084,1.51,False
71,PUTHUKKAD,176055,5,"P.C.PUSHPAKARAN,",M,43,SC,BSP,,1013,0,1013,0.73,False
71,PUTHUKKAD,176055,6,"PAULSON KALLOOR,",M,45,GEN,IND,,621,1,622,0.45,False
71,PUTHUKKAD,176055,7,"K. V. PURUSHOTHAMAN,",M,49,GEN,IND,,495,0,495,0.36,False
72,CHALAKKUDY,172679,1,DEVASSY.B.D.,M,60,GEN,CPM,,63284,326,63610,48.18,True
72,CHALAKKUDY,172679,2,BENNY.K.T.,M,36,GEN,INC,,60889,172,61061,46.25,False
72,CHALAKKUDY,172679,3,ADV.SUDHEER BABY,M,51,GEN,BJP,,5970,6,5976,4.53,False
72,CHALAKKUDY,172679,4,PUSHPANGADAN P.M,M,49,SC,IND,,681,0,681,0.52,False
72,CHALAKKUDY,172679,5,SUBRAMANIAN.V.K.,M,60,SC,BSP,,451,0,451,0.34,False
72,CHALAKKUDY,172679,6,JAYAKUMAR.E.,M,40,GEN,IND,,258,0,258,0.2,False
73,KODUNGALLUR,169056,1,T.N.PRATHAPAN,M,51,GEN,INC,,64283,212,64495,50.11,True
73,KODUNGALLUR,169056,2,K.G.SIVANANDHAN,M,48,GEN,CPI,,54772,291,55063,42.78,False
73,KODUNGALLUR,169056,3,I.R.VIJAYAN,M,59,GEN,BJP,,6723,9,6732,5.23,False
73,KODUNGALLUR,169056,4,AMBILY UNNIKRISHNAN,F,35,SC,BSP,,624,0,624,0.48,False
73,KODUNGALLUR,169056,5,HARIDAS.K.B,M,36,GEN,IND,,460,1,461,0.36,False
73,KODUNGALLUR,169056,6,RAJESH APPATT,M,41,GEN,IND,,375,2,377,0.29,False
73,KODUNGALLUR,169056,7,ALLY RAVI,F,45,SC,IND,,343,0,343,0.27,False
73,KODUNGALLUR,169056,8,SUJA ANTONY,F,30,GEN,SUCI,,330,0,330,0.26,False
73,KODUNGALLUR,169056,9,T.U.RADHAKRISHNAN,M,38,GEN,IND,,289,0,289,0.22,False
74,PERUMBAVOOR,154432,1,SAJU PAUL,M,44,GEN,CPM,,59253,375,59628,47.42,True
74,PERUMBAVOOR,154432,2,ADV.JAISON JOSEPH,M,46,GEN,INC,,56054,192,56246,44.73,False
74,PERUMBAVOOR,154432,3,O. C. ASOKAN,M,39,GEN,BJP,,5454,10,5464,4.35,False
74,PERUMBAVOOR,154432,4,O.ALIYAR,M,64,GEN,SDPI,,2399,2,2401,1.91,False
74,PERUMBAVOOR,154432,5,N.K. MUHAMMED  HAJI,M,61,GEN,PDP,,1094,0,1094,0.87,False
74,PERUMBAVOOR,154432,6,P.N.SUNILKUMAR,M,38,GEN,SHS,,494,0,494,0.39,False
74,PERUMBAVOOR,154432,7,BINDU JAYAN,F,31,GEN,CPI(ML)(L),,412,0,412,0.33,False
75,ANGAMALY,152370,1,ADVOCATE JOSE THETTAYIL,M,60,GEN,JD(S),,61242,258,61500,49.56,True
75,ANGAMALY,152370,2,ADVOCATE JOHNY NELLOOR,M,60,GEN,KEC(J),,54188,142,54330,43.78,False
75,ANGAMALY,152370,3,M.A.BRAHMARAJ,M,44,GEN,BJP,,4112,5,4117,3.32,False
75,ANGAMALY,152370,4,JOHNSON. I.T. (INCHAKADAN JOHNY),M,51,GEN,IND,,1374,0,1374,1.11,False
75,ANGAMALY,152370,5,M.G.PURUSHOTHAMAN,M,63,GEN,BSP,,774,0,774,0.62,False
75,ANGAMALY,152370,6,POULOSE KIDANGEN,M,68,GEN,KJ,,518,0,518,0.42,False
75,ANGAMALY,152370,7,K.C.JAYAN,M,45,GEN,SUCI,,514,0,514,0.41,False
75,ANGAMALY,152370,8,FRANCIS NJALIYAN,M,47,GEN,SWJP,,482,0,482,0.39,False
75,ANGAMALY,152370,9,JOHNSON,M,43,GEN,IND,,248,0,248,0.2,False
75,ANGAMALY,152370,10,JOHN CHACKO,M,50,GEN,IND,,229,0,229,0.18,False
76,ALUVA,158819,1,ANWAR SADATH,M,36,GEN,INC,,64077,167,64244,50.24,True
76,ALUVA,158819,2,A.M. YOUSAF,M,59,GEN,CPM,,50789,241,51030,39.91,False
76,ALUVA,158819,3,M.N.GOPI,M,43,GEN,BJP,,8257,7,8264,6.46,False
76,ALUVA,158819,4,ROY ARACKAL,M,42,GEN,SDPI,,1684,0,1684,1.32,False
76,ALUVA,158819,5,M.M. YOOSAF MUNDAKKAL,M,35,GEN,IND,,829,0,829,0.65,False
76,ALUVA,158819,6,ANWAR SADATH PANACKAPARAMBIL,M,38,GEN,IND,,547,0,547,0.43,False
76,ALUVA,158819,7,K.Y.KUNJUMON,M,38,GEN,SHS,,479,0,479,0.37,False
76,ALUVA,158819,8,ABDUL AZEEZ,M,41,GEN,BSP,,473,0,473,0.37,False
76,ALUVA,158819,9,ANTONY JOSEPH MANJOORAN,M,54,GEN,IND,,182,0,182,0.14,False
76,ALUVA,158819,10,K.K. SOBHA,F,45,SC,SUCI,,138,0,138,0.11,False
77,KALAMASSERY,165107,1,V. K. EBRAHIM KUNJU,M,58,GEN,MUL,,62675,168,62843,47.73,True
77,KALAMASSERY,165107,2,K. CHANDRAN PILLAI,M,54,GEN,CPM,,54803,251,55054,41.81,False
77,KALAMASSERY,165107,3,ADV.P.KRISHNADAS,M,40,GEN,BJP,,8432,6,8438,6.41,False
77,KALAMASSERY,165107,4,P.A. MUHAMMED ASLAM,M,47,GEN,SDPI,,2104,0,2104,1.6,False
77,KALAMASSERY,165107,5,T.A. MUJEEB RAHMAN,M,35,GEN,IND,,1236,0,1236,0.94,False
77,KALAMASSERY,165107,6,CHANDRASEKHARA PILLAI,M,61,GEN,IND,,657,0,657,0.5,False
77,KALAMASSERY,165107,7,GIREESH BABU. G.,M,35,SC,BSP,,508,0,508,0.39,False
77,KALAMASSERY,165107,8,SHIBU THATTAMPADI,M,36,SC,IND,,505,0,505,0.38,False
77,KALAMASSERY,165107,9,D. SUNDARA MOORTHY,M,34,GEN,AIADMK,,186,0,186,0.14,False
77,KALAMASSERY,165107,10,K.P. MOHANAN,M,61,GEN,IND,,145,0,145,0.11,False
78,PARAVUR,171172,1,ADV.V.D.SATHEESAN,M,46,GEN,INC,,74366,266,74632,51.78,True
78,PARAVUR,171172,2,PANNIAN RAVEEDNRAN,M,61,GEN,CPI,,62955,328,63283,43.91,False
78,PARAVUR,171172,3,E.S. PURUSHOTHAMAN,M,41,GEN,BJP,,3928,6,3934,2.73,False
78,PARAVUR,171172,4,K.K. JYOTHIVAS,M,38,SC,IND,,754,0,754,0.52,False
78,PARAVUR,171172,5,P.S. RAJENDRA PRASAD,M,48,GEN,IND,,614,0,614,0.43,False
78,PARAVUR,171172,6,P. P. RAVEENDRAN,M,45,GEN,IND,,493,0,493,0.34,False
78,PARAVUR,171172,7,M. MANOJ,M,28,GEN,BSP,,412,2,414,0.29,False
79,VYPEN,152040,1,S.SARMA,M,56,GEN,CPM,,60530,284,60814,50.37,True
79,VYPEN,152040,2,AJAY THARAYIL,M,52,GEN,INC,,55515,57,55572,46.03,False
79,VYPEN,152040,3,T.G.SURENDRAN,M,51,SC,BJP,,2929,1,2930,2.43,False
79,VYPEN,152040,4,T.K.SIVANANDAN,M,56,GEN,BSP,,546,0,546,0.45,False
79,VYPEN,152040,5,SANTHOSH SARMA,M,34,GEN,IND,,490,0,490,0.41,False
79,VYPEN,152040,6,BENNY JOSEPH,M,39,GEN,IND,,373,1,374,0.31,False
80,KOCHI,158548,1,DOMINIC PRESENTATION,M,61,GEN,INC,,56298,54,56352,53.37,True
80,KOCHI,158548,2,M.C.JOSEPHINE,F,61,GEN,CPM,,39767,82,39849,37.74,False
80,KOCHI,158548,3,K. SASIDHARAN MASTER,M,63,GEN,BJP,,5476,4,5480,5.19,False
80,KOCHI,158548,4,YOOSUF MUFTHI,M,45,GEN,SDPI,,1992,0,1992,1.89,False
80,KOCHI,158548,5,DOMINIC. C.J.,M,56,GEN,IND,,590,0,590,0.56,False
80,KOCHI,158548,6,KAMARUDHEEN. T. A.,M,33,GEN,BSP,,482,0,482,0.46,False
80,KOCHI,158548,7,A.P. IBRAHIM KUTTY,M,42,GEN,IND,,394,0,394,0.37,False
80,KOCHI,158548,8,ADV. JACOB PULIKKAN,M,66,GEN,IND,,258,0,258,0.24,False
80,KOCHI,158548,9,T.A. KRISHNAN KUTTY,M,62,SC,IND,,194,1,195,0.18,False
81,THRIPUNITHURA,171652,1,K.BABU,M,60,GEN,INC,,69766,120,69886,53.36,True
81,THRIPUNITHURA,171652,2,C.M.DINESH MANI,M,60,GEN,CPM,,53957,151,54108,41.31,False
81,THRIPUNITHURA,171652,3,ADV.SABU VARGHEESE,M,49,GEN,BJP,,4938,4,4942,3.77,False
81,THRIPUNITHURA,171652,4,KARTIKEYAN,M,56,SC,BSP,,825,1,826,0.63,False
81,THRIPUNITHURA,171652,5,BABU KEEZHATHUPARAMBU,M,55,GEN,IND,,330,0,330,0.25,False
81,THRIPUNITHURA,171652,6,SAJU KOLATTUKUDY,M,39,GEN,IND,,327,0,327,0.25,False
81,THRIPUNITHURA,171652,7,SAJI THURUTHIKUNNEL,M,39,GEN,SHS,,316,0,316,0.24,False
81,THRIPUNITHURA,171652,8,P.K. THANKAMANI,F,47,SC,IND,,137,0,137,0.1,False
81,THRIPUNITHURA,171652,9,K.P. AYYAPPAN,M,32,SC,IND,,105,0,105,0.08,False
82,ERANAKULAM,136722,1,HIBI EDEN,M,27,GEN,INC,,59840,79,59919,61.58,True
82,ERANAKULAM,136722,2,DR. SEBASTIAN PAUL,M,64,GEN,IND,,27358,124,27482,28.25,False
82,ERANAKULAM,136722,3,C.G. RAJAGOPAL,M,37,GEN,BJP,,6355,7,6362,6.54,False
82,ERANAKULAM,136722,4,SEBASTIAN NJALAMKUNNEL,M,36,GEN,IND,,2347,0,2347,2.41,False
82,ERANAKULAM,136722,5,IQBAL THAMARASSERY,M,47,GEN,BSP,,742,0,742,0.76,False
82,ERANAKULAM,136722,6,T.R. VASUDEVAN,M,43,GEN,SHS,,445,0,445,0.46,False
83,THRIKKAKARA,159877,1,BENNY BEHANAN,M,58,GEN,INC,,65758,96,65854,55.88,True
83,THRIKKAKARA,159877,2,M.E. HASSAINAR,M,60,GEN,CPM,,43271,177,43448,36.87,False
83,THRIKKAKARA,159877,3,N.SAJI KUMAR,M,45,GEN,BJP,,5932,3,5935,5.04,False
83,THRIKKAKARA,159877,4,HASSAINAR,M,42,GEN,IND,,932,1,933,0.79,False
83,THRIKKAKARA,159877,5,ABDUL SALAM PARAKKADAN,M,55,GEN,SDPI,,868,1,869,0.74,False
83,THRIKKAKARA,159877,6,BENNY GEORGE,M,47,GEN,IND,,410,0,410,0.35,False
83,THRIKKAKARA,159877,7,SHEREEF THANKAYATHIL,M,50,GEN,BSP,,404,0,404,0.34,False
84,KUNNATHUNAD  (SC),153102,1,V.P. SAJEENDRAN,M,42,SC,INC,,63436,188,63624,49.72,True
84,KUNNATHUNAD  (SC),153102,2,M. A. SURENDRAN,M,42,SC,CPM,,54599,293,54892,42.89,False
84,KUNNATHUNAD  (SC),153102,3,M. RAVI,M,42,SC,BJP,,5859,3,5862,4.58,False
84,KUNNATHUNAD  (SC),153102,4,M. K. MANOJ KUMAR,M,45,SC,SDPI,,2968,1,2969,2.32,False
84,KUNNATHUNAD  (SC),153102,5,RAJEEV. P. T.,M,44,SC,BSP,,625,0,625,0.49,False
85,PIRAVOM,176302,1,T. M. JACOB,M,60,GEN,KEC(J),,66226,277,66503,47.53,True
85,PIRAVOM,176302,2,M.J.JACOB,M,66,GEN,CPM,,65874,472,66346,47.41,False
85,PIRAVOM,176302,3,M.N. MADHU,M,51,GEN,BJP,,4228,6,4234,3.03,False
85,PIRAVOM,176302,4,JOSHY JOSEPH,M,29,GEN,BSP,,978,1,979,0.7,False
85,PIRAVOM,176302,5,SABU KUNJAPPAN,M,33,GEN,IND,,957,1,958,0.68,False
85,PIRAVOM,176302,6,M.K. USHA,F,42,SC,SUCI,,907,1,908,0.65,False
86,MUVATTUPUZHA,154440,1,JOSEPH VAZHACKKAN,M,54,GEN,INC,,57774,238,58012,49.9,True
86,MUVATTUPUZHA,154440,2,BABU PAUL,M,55,GEN,CPI,,52608,241,52849,45.46,False
86,MUVATTUPUZHA,154440,3,JIJI JOSEPH,M,37,GEN,BJP,,4360,7,4367,3.76,False
86,MUVATTUPUZHA,154440,4,BIJU SREEDHARAN,M,41,GEN,IND,,546,0,546,0.47,False
86,MUVATTUPUZHA,154440,5,BOBY KALLOOR,M,47,GEN,BSP,,487,0,487,0.42,False
87,KOTHAMANGALAM,144256,1,SHEV.T.U.KURUVILLA,M,74,GEN,KEC(M),,52654,270,52924,49.26,True
87,KOTHAMANGALAM,144256,2,COMMANDER SKARIAH THOMAS,M,64,GEN,IND,,40398,304,40702,37.88,False
87,KOTHAMANGALAM,144256,3,ADV. K.RADHAKRISHNAN,M,43,GEN,BJP,,5762,7,5769,5.37,False
87,KOTHAMANGALAM,144256,4,SHINE MUHAMMED,M,33,GEN,SDPI,,4683,8,4691,4.37,False
87,KOTHAMANGALAM,144256,5,SKARIA THOMAS,M,61,GEN,IND,,1007,1,1008,0.94,False
87,KOTHAMANGALAM,144256,6,T. T. KURUVILA,M,70,GEN,IND,,718,0,718,0.67,False
87,KOTHAMANGALAM,144256,7,DEVAKI NARAYANAN,F,46,SC,IND,,524,0,524,0.49,False
87,KOTHAMANGALAM,144256,8,JOY DAVASIA,M,44,GEN,IND,,419,0,419,0.39,False
87,KOTHAMANGALAM,144256,9,SKARIA THOMMAN,M,73,GEN,IND,,363,0,363,0.34,False
87,KOTHAMANGALAM,144256,10,SOMINI PRABHAKARAN,F,41,SC,BSP,,319,0,319,0.3,False
88,DEVIKULAM  (SC),147855,1,S. RAJENDRAN,M,47,SC,CPM,,51743,106,51849,48.43,True
88,DEVIKULAM  (SC),147855,2,A.K.MONI,M,59,SC,INC,,47691,80,47771,44.62,False
88,DEVIKULAM  (SC),147855,3,S RAJAGOPAL,M,59,SC,BJP,,3579,3,3582,3.35,False
88,DEVIKULAM  (SC),147855,4,SELVARAJ MADASWAMI,M,51,SC,IND,,1060,0,1060,0.99,False
88,DEVIKULAM  (SC),147855,5,T. C. THANKAPPAN,M,64,SC,BSP,,912,1,913,0.85,False
88,DEVIKULAM  (SC),147855,6,MALLIKA,F,33,SC,AIADMK,,646,0,646,0.6,False
88,DEVIKULAM  (SC),147855,7,RAJU AYYAPPAN,M,52,SC,SDPI,,628,0,628,0.59,False
88,DEVIKULAM  (SC),147855,8,P. K. MANI,M,55,SC,IND,,336,0,336,0.31,False
88,DEVIKULAM  (SC),147855,9,MANIKANDAN K,M,35,SC,IND,,273,1,274,0.26,False
89,UDUMBANCHOLA,153563,1,K.K.JAYACHANDRAN,M,59,GEN,CPM,,56810,113,56923,51.48,True
89,UDUMBANCHOLA,153563,2,ADV.JOSSY SEBASTIAN,M,46,GEN,INC,,46972,118,47090,42.59,False
89,UDUMBANCHOLA,153563,3,NARAYANA RAJU,M,34,GEN,BJP,,3834,2,3836,3.47,False
89,UDUMBANCHOLA,153563,4,MUHAMMED SHARAFUDHEEN,M,36,GEN,SDPI,,1331,0,1331,1.2,False
89,UDUMBANCHOLA,153563,5,BENNY THOMAS,M,41,GEN,BSP,,714,0,714,0.65,False
89,UDUMBANCHOLA,153563,6,K.C.MAMMACHAN,M,50,GEN,IND,,669,0,669,0.61,False
90,THODUPUZHA,177529,1,P.J.JOSEPH,M,69,GEN,KEC(M),,65956,369,66325,51.92,True
90,THODUPUZHA,177529,2,PROF. JOSEPH AUGUSTINE,M,56,GEN,IND,,43176,281,43457,34.02,False
90,THODUPUZHA,177529,3,P.M.VELAYUDHAN,M,58,SC,BJP,,10007,42,10049,7.87,False
90,THODUPUZHA,177529,4,M. A. NAJEEB,M,36,GEN,SDPI,,5379,7,5386,4.22,False
90,THODUPUZHA,177529,5,BINU SEBASTIAN,M,38,GEN,BSP,,676,1,677,0.53,False
90,THODUPUZHA,177529,6,C. R. DILEEP KUMAR,M,44,ST,IND,,653,2,655,0.51,False
90,THODUPUZHA,177529,7,T. S. SREENIVASAN,M,26,SC,IND,,482,0,482,0.38,False
90,THODUPUZHA,177529,8,JOMON JOHN,M,34,GEN,IND,,280,2,282,0.22,False
90,THODUPUZHA,177529,9,SIBY C MATHEW,M,37,GEN,SUCI,,244,2,246,0.19,False
90,THODUPUZHA,177529,10,SHIBU MON,M,32,GEN,KJ,,179,0,179,0.14,False
91,IDUKKI,169984,1,"ROSHY AUGUSTINE,",M,41,GEN,KEC(M),,65533,201,65734,54.88,True
91,IDUKKI,169984,2,"C.V.VARGHESE,",M,50,GEN,CPM,,49732,196,49928,41.69,False
91,IDUKKI,169984,3,"C.C.KRISHNAN,",M,56,SC,BJP,,3002,11,3013,2.52,False
91,IDUKKI,169984,4,"KANCHIYAR PEETHAMBARAN,",M,47,SC,IND,,388,1,389,0.32,False
91,IDUKKI,169984,5,"P.C.PRABHAKARAN,",M,69,SC,IND,,325,0,325,0.27,False
91,IDUKKI,169984,6,"M.K.NARAYANAN,",M,75,ST,IND,,225,1,226,0.19,False
91,IDUKKI,169984,7,"V.LAKSHMANAN,",M,51,GEN,IND,,158,0,158,0.13,False
92,PEERUMADE,165380,1,E. S. BIJIMOL,F,39,GEN,CPI,,56669,79,56748,49.26,True
92,PEERUMADE,165380,2,ADV.E.M.AUGUSTHY,M,60,GEN,INC,,51889,82,51971,45.11,False
92,PEERUMADE,165380,3,P. P. SANU,M,43,GEN,BJP,,3376,4,3380,2.93,False
92,PEERUMADE,165380,4,M.K. SUPPU ROYAL,M,51,GEN,IND,,693,1,694,0.6,False
92,PEERUMADE,165380,5,K.D. VASUDEVAN,M,40,ST,IND,,666,1,667,0.58,False
92,PEERUMADE,165380,6,BIJU MATTAPPALLY,M,31,GEN,BSP,,641,0,641,0.56,False
92,PEERUMADE,165380,7,P. S. MADHU,M,64,SC,SDPI,,437,0,437,0.38,False
92,PEERUMADE,165380,8,AUGUSTHY. M,M,49,GEN,IND,,359,0,359,0.31,False
92,PEERUMADE,165380,9,JOSEPH JACOB,M,33,ST,IND,,307,0,307,0.27,False
93,PALA,169192,1,K.M.MANI,M,79,GEN,KEC(M),,60874,365,61239,49.14,True
93,PALA,169192,2,MANI.C.KAPPEN,M,54,GEN,NCP,,55703,277,55980,44.92,False
93,PALA,169192,3,PROF.B.VIJAYAKUMAR,M,54,GEN,BJP,,6349,10,6359,5.1,False
93,PALA,169192,4,C.V JOHN,M,49,GEN,IND,,576,0,576,0.46,False
93,PALA,169192,5,JAMES JOSEPH,M,44,GEN,IND,,465,0,465,0.37,False
94,KADUTHURUTHY,171486,1,ADV.MONS JOSEPH,M,46,GEN,KEC(M),,68373,414,68787,56.37,True
94,KADUTHURUTHY,171486,2,STEPHEN GEORGE,M,47,GEN,KC(AMG),,45482,248,45730,37.48,False
94,KADUTHURUTHY,171486,3,P.G.BIJUKUMAR,M,39,GEN,BJP,,5325,15,5340,4.38,False
94,KADUTHURUTHY,171486,4,M.D.THOMAS,M,52,GEN,BSP,,2165,4,2169,1.78,False
95,VAIKOM  (SC),153205,1,K. AJITH,M,39,SC,CPI,,62197,406,62603,51.62,True
95,VAIKOM  (SC),153205,2,A SANEESHKUMAR,M,34,SC,INC,,51816,219,52035,42.91,False
95,VAIKOM  (SC),153205,3,RAMESH KAVIMATTAM,M,41,SC,BJP,,4504,8,4512,3.72,False
95,VAIKOM  (SC),153205,4,K. SANESH,M,32,SC,IND,,691,0,691,0.57,False
95,VAIKOM  (SC),153205,5,P. K. PRAKASAN,M,35,SC,BSP,,645,0,645,0.53,False
95,VAIKOM  (SC),153205,6,K. S. SASIKALA,F,41,SC,SUCI,,412,0,412,0.34,False
95,VAIKOM  (SC),153205,7,M. K. DASAN,M,41,SC,IND,,366,1,367,0.3,False
96,ETTUMANOOR,150807,1,ADV. K. SURESH KURUP,M,54,GEN,CPM,,57083,298,57381,48.52,True
96,ETTUMANOOR,150807,2,THOMAS CHAZHIKADAN,M,58,GEN,KEC(M),,55322,258,55580,47.0,False
96,ETTUMANOOR,150807,3,V.G. GOPAKUMAR,M,49,GEN,BJP,,3376,9,3385,2.86,False
96,ETTUMANOOR,150807,4,K.T. THOMAS,M,43,GEN,BSP,,763,0,763,0.65,False
96,ETTUMANOOR,150807,5,JUSTIN MATHEW,M,49,GEN,IND,,466,0,466,0.39,False
96,ETTUMANOOR,150807,6,E.V. PRAKASH,M,29,GEN,SUCI,,454,0,454,0.38,False
96,ETTUMANOOR,150807,7,ANISH KUMAR,M,27,GEN,IND,,228,0,228,0.19,False
97,KOTTAYAM,148225,1,THIRUVANCHOOR RADHAKRISHNAN,M,61,GEN,INC,,53539,286,53825,46.84,True
97,KOTTAYAM,148225,2,V.N.VASAVAN,M,56,GEN,CPM,,52774,340,53114,46.23,False
97,KOTTAYAM,148225,3,ADV.NARAYANAN NAMBOOTHIRI,M,51,GEN,BJP,,5439,10,5449,4.74,False
97,KOTTAYAM,148225,4,V.S. SHAJAN,M,44,SC,BSP,,1736,1,1737,1.51,False
97,KOTTAYAM,148225,5,RAJEEV ABRAHAM,M,37,GEN,IND,,386,1,387,0.34,False
97,KOTTAYAM,148225,6,N.K. BIJU,M,43,GEN,SUCI,,275,1,276,0.24,False
97,KOTTAYAM,148225,7,GEORGE.P.ELIAS,M,54,GEN,IND,,111,2,113,0.1,False
98,PUTHUPPALLY,157222,1,OOMMEN CHANDY,M,67,GEN,INC,,69613,309,69922,59.74,True
98,PUTHUPPALLY,157222,2,SUJA SUSAN GEORGE,F,49,GEN,CPM,,36514,153,36667,31.33,False
98,PUTHUPPALLY,157222,3,P.SUNILKUMAR,M,45,GEN,BJP,,6668,11,6679,5.71,False
98,PUTHUPPALLY,157222,4,ADV. SAJI K CHERAMAN,M,40,GEN,BSP,,3225,5,3230,2.76,False
98,PUTHUPPALLY,157222,5,ADV. JAYAKUMAR KAVUNKAL,M,57,GEN,IND,,537,0,537,0.46,False
99,CHANGANASSERY,149193,1,C.F THOMAS,M,71,GEN,KEC(M),,50885,134,51019,47.13,True
99,CHANGANASSERY,149193,2,DR.B.EKBAL,M,63,GEN,CPM,,48297,168,48465,44.77,False
99,CHANGANASSERY,149193,3,M.B.RAJAGOPAL,M,58,GEN,BJP,,6266,15,6281,5.8,False
99,CHANGANASSERY,149193,4,MATHEWS JOHN,M,54,GEN,BSP,,1057,1,1058,0.98,False
99,CHANGANASSERY,149193,5,MANSOOR,M,44,GEN,SDPI,,905,2,907,0.84,False
99,CHANGANASSERY,149193,6,K.SADANANDAN,M,39,GEN,SUCI,,281,0,281,0.26,False
99,CHANGANASSERY,149193,7,NASEER.K.M,M,51,GEN,IND,,246,0,246,0.23,False
100,KANJIRAPPALLY,161648,1,DR. N.JAYARAJ,M,55,GEN,KEC(M),,56818,203,57021,50.4,True
100,KANJIRAPPALLY,161648,2,ADV. SURESH.T.NAIR,M,31,GEN,CPI,,44659,156,44815,39.61,False
100,KANJIRAPPALLY,161648,3,RAJAMOHAN,M,55,GEN,BJP,,8021,16,8037,7.1,False
100,KANJIRAPPALLY,161648,4,ADV. P.K.GEETHA KRISHNAN,M,32,GEN,BSP,,3264,4,3268,2.89,False
101,POONJAR,167928,1,"P C GEORGE, PLATHOTTAM",M,60,GEN,KEC(M),,59601,208,59809,50.77,True
101,POONJAR,167928,2,ADV MOHAN THOMAS,M,36,GEN,IND,,43968,137,44105,37.44,False
101,POONJAR,167928,3,K M SANTHOSHKUMAR,M,42,GEN,BJP,,5006,4,5010,4.25,False
101,POONJAR,167928,4,V M SULAIMAN MOULAVI,M,50,GEN,SDPI,,3579,0,3579,3.04,False
101,POONJAR,167928,5,P P JOSHY,M,54,SC,BSP,,2954,2,2956,2.51,False
101,POONJAR,167928,6,SIVAN,M,52,GEN,IND,,524,0,524,0.44,False
101,POONJAR,167928,7,P K DIVAKARAN,M,59,ST,IND,,454,1,455,0.39,False
101,POONJAR,167928,8,"P C GEROGE, PONNATTU PUTHENPURAYIL",M,48,GEN,IND,,417,0,417,0.35,False
101,POONJAR,167928,9,K RAJAPPAN,M,59,GEN,IND,,280,0,280,0.24,False
101,POONJAR,167928,10,RAJU  VATTAPPARA,M,51,SC,SUCI,,242,1,243,0.21,False
101,POONJAR,167928,11,MANO GEORGE,M,31,GEN,IND,,192,0,192,0.16,False
101,POONJAR,167928,12,ANOOP BHASKARAN,M,28,GEN,IND,,132,0,132,0.11,False
101,POONJAR,167928,13,ANIL MATHEW,M,41,GEN,IND,,107,0,107,0.09,False
102,AROOR,174130,1,ADV.AM.ARIFF,M,46,GEN,CPM,,76255,420,76675,52.28,True
102,AROOR,174130,2,A.A.SHUKOOR,M,56,GEN,INC,,59586,237,59823,40.79,False
102,AROOR,174130,3,T.SAJEEV LAL,M,47,GEN,BJP,,7478,8,7486,5.1,False
102,AROOR,174130,4,V.LENIN,M,58,SC,BSP,,787,0,787,0.54,False
102,AROOR,174130,5,SURESH BABU,M,34,GEN,IND,,776,0,776,0.53,False
102,AROOR,174130,6,JAYAPRAKASH,M,30,SC,SDPI,,476,0,476,0.32,False
102,AROOR,174130,7,S.SARATH,M,26,GEN,IND,,378,0,378,0.26,False
102,AROOR,174130,8,ADV.P.T.RADHAKRISHNAN,M,45,GEN,IND,,275,0,275,0.19,False
103,CHERTHALA,190806,1,P.THILOTHAMAN,M,54,GEN,CPI,,85497,696,86193,53.11,True
103,CHERTHALA,190806,2,K.R.GOURIAMMA,F,91,GEN,JPSS,,67515,363,67878,41.83,False
103,CHERTHALA,190806,3,ADV. P.K.BINOY,M,44,GEN,BJP,,5927,6,5933,3.66,False
103,CHERTHALA,190806,4,K.R.RAJEEVAN,M,37,SC,BSP,,1185,0,1185,0.73,False
103,CHERTHALA,190806,5,SHAJIMON,M,40,GEN,IND,,1094,0,1094,0.67,False
104,ALAPPUZHA,173942,1,DR.T.M.THOMAS ISAAC,M,58,GEN,CPM,,75016,841,75857,53.71,True
104,ALAPPUZHA,173942,2,ADV.P.J.MATHEW,M,60,GEN,INC,,59178,337,59515,42.14,False
104,ALAPPUZHA,173942,3,KOTTARAM UNNIKRISHNAN,M,51,GEN,BJP,,3534,6,3540,2.51,False
104,ALAPPUZHA,173942,4,T.M.SAMAD,M,44,GEN,SDPI,,1158,0,1158,0.82,False
104,ALAPPUZHA,173942,5,SEBASTIAN,M,32,GEN,IND,,646,0,646,0.46,False
104,ALAPPUZHA,173942,6,C.P.THILAKAN,M,50,SC,BSP,,527,0,527,0.37,False
105,AMBALAPUZHA,146890,1,G.SUDHAKARAN,M,64,GEN,CPM,,63179,549,63728,54.48,True
105,AMBALAPUZHA,146890,2,ADV.M.LIJU,M,32,GEN,INC,,46853,295,47148,40.31,False
105,AMBALAPUZHA,146890,3,P.K.VASUDEVAN,M,33,GEN,BJP,,2665,3,2668,2.28,False
105,AMBALAPUZHA,146890,4,S.H.ALHADHI,M,65,GEN,SDPI,,1852,0,1852,1.58,False
105,AMBALAPUZHA,146890,5,OMANAKUTTAN,M,40,SC,BSP,,672,0,672,0.57,False
105,AMBALAPUZHA,146890,6,K.R.SASI,M,52,GEN,SUCI,,415,0,415,0.35,False
105,AMBALAPUZHA,146890,7,SIVAKUMAR,M,24,GEN,IND,,347,0,347,0.3,False
105,AMBALAPUZHA,146890,8,NAZEER AHAMMED,M,46,GEN,IND,,136,0,136,0.12,False
106,KUTTANAD,150213,1,THOMAS CHANDY,M,62,GEN,NCP,,59911,99,60010,50.81,True
106,KUTTANAD,150213,2,DR.K.C.JOSEPH,M,62,GEN,KEC(M),,51889,150,52039,44.06,False
106,KUTTANAD,150213,3,K.SOMAN,M,47,GEN,BJP,,4390,5,4395,3.72,False
106,KUTTANAD,150213,4,SHIBU VADAKKETTOM,M,32,GEN,BSP,,696,1,697,0.59,False
106,KUTTANAD,150213,5,P.R.SATHEESAN,M,39,GEN,SUCI,,372,1,373,0.32,False
106,KUTTANAD,150213,6,JOSEPH,M,41,GEN,IND,,361,0,361,0.31,False
106,KUTTANAD,150213,7,ASOK KUMAR,M,43,GEN,IND,,235,0,235,0.2,False
107,HARIPAD,171834,1,RAMESH CHENNITHALA,M,54,GEN,INC,,67078,300,67378,50.03,True
107,HARIPAD,171834,2,G.KRISHNAPRASAD,M,34,GEN,CPI,,61522,336,61858,45.93,False
107,HARIPAD,171834,3,ADV.AJITH SANKAR,M,42,GEN,BJP,,3142,3,3145,2.34,False
107,HARIPAD,171834,4,RAMESHAN,M,37,GEN,IND,,499,0,499,0.37,False
107,HARIPAD,171834,5,SOMALAL BABU,M,62,GEN,BSP,,425,0,425,0.32,False
107,HARIPAD,171834,6,KRISHNAPRASAD,M,34,GEN,IND,,338,1,339,0.25,False
107,HARIPAD,171834,7,VENU,M,40,GEN,SDPI,,327,0,327,0.24,False
107,HARIPAD,171834,8,K.J.SHEELA,F,44,GEN,SUCI,,303,2,305,0.23,False
107,HARIPAD,171834,9,BIJU.J,M,36,GEN,IND,,233,0,233,0.17,False
107,HARIPAD,171834,10,N.DIVAKARAN,M,58,GEN,IND,,171,0,171,0.13,False
108,KAYAMKULAM,182036,1,C.K.SADASIVAN,M,58,GEN,CPM,,67046,363,67409,48.28,True
108,KAYAMKULAM,182036,2,M.MURALI,M,57,GEN,INC,,65859,235,66094,47.34,False
108,KAYAMKULAM,182036,3,ADV. T.O.NOUSHAD,M,40,GEN,BJP,,3080,3,3083,2.21,False
108,KAYAMKULAM,182036,4,"K. SADASIVAN,",M,53,GEN,IND,,744,0,744,0.53,False
108,KAYAMKULAM,182036,5,MURALI,M,52,GEN,IND,,704,0,704,0.5,False
108,KAYAMKULAM,182036,6,AMBUJAN,M,36,SC,BSP,,602,0,602,0.43,False
108,KAYAMKULAM,182036,7,SHAL MOHAN,M,51,GEN,IND,,583,2,585,0.42,False
108,KAYAMKULAM,182036,8,KALESH MANIMANDIRAM,M,36,GEN,IND,,405,0,405,0.29,False
109,MAVELIKARA  (SC),177789,1,R. RAJESH,M,29,SC,CPM,,65567,336,65903,49.3,True
109,MAVELIKARA  (SC),177789,2,K.K SHAJU,M,48,SC,JPSS,,60576,178,60754,45.45,False
109,MAVELIKARA  (SC),177789,3,S. GIRIJA,F,39,SC,BJP,,4979,5,4984,3.73,False
109,MAVELIKARA  (SC),177789,4,R.RAJEESH,M,29,SC,IND,,1185,0,1185,0.89,False
109,MAVELIKARA  (SC),177789,5,SUBHASH MANKAMKUZHY,M,40,SC,BSP,,859,1,860,0.64,False
110,CHENGANNUR,176875,1,P.C.VISHNUNATH,M,33,GEN,INC,,64996,160,65156,51.98,True
110,CHENGANNUR,176875,2,ADV.C.S.SUJATHA,F,45,GEN,CPM,,52475,181,52656,42.01,False
110,CHENGANNUR,176875,3,B. RADHAKRISHNA MENON,M,46,GEN,BJP,,6057,5,6062,4.84,False
110,CHENGANNUR,176875,4,SURENDRAN KARIPPUZHA,M,46,SC,IND,,848,0,848,0.68,False
110,CHENGANNUR,176875,5,V.VENUGOPAL,M,41,GEN,SUCI,,623,0,623,0.5,False
111,THIRUVALLA,193874,1,ADV MATHEW T THOMAS,M,49,GEN,JD(S),,63049,240,63289,49.97,True
111,THIRUVALLA,193874,2,VICTOR T THOMAS,M,50,GEN,KEC(M),,52415,107,52522,41.47,False
111,THIRUVALLA,193874,3,RAJAN MOOLAVEETTIL,M,50,GEN,BJP,,7646,10,7656,6.05,False
111,THIRUVALLA,193874,4,ADV KURIAN JOSEPH,M,50,GEN,BSP,,1510,1,1511,1.19,False
111,THIRUVALLA,193874,5,RADHAMANI. S,F,47,GEN,SUCI,,454,2,456,0.36,False
111,THIRUVALLA,193874,6,KATHIKAN NIRANAM RAJAN,M,49,GEN,IND,,439,0,439,0.35,False
111,THIRUVALLA,193874,7,ADV P K SUKUMARAN,M,55,SC,IND,,398,0,398,0.31,False
111,THIRUVALLA,193874,8,SAM KUTTY JACOB,M,66,GEN,SDPI,,371,0,371,0.29,False
112,RANNI,175669,1,RAJU ABRHAM,M,49,GEN,CPM,,58242,149,58391,48.51,True
112,RANNI,175669,2,PEELIPOSE THOMAS,M,61,GEN,INC,,51690,87,51777,43.02,False
112,RANNI,175669,3,SURESH KADAMBARI,M,49,GEN,BJP,,7436,6,7442,6.18,False
112,RANNI,175669,4,V D SAJI MON,M,35,GEN,BSP,,1300,0,1300,1.08,False
112,RANNI,175669,5,ADV. IBRAHIM KUTTTY,M,34,GEN,SDPI,,905,0,905,0.75,False
112,RANNI,175669,6,S RADHAKRISHNAN,M,49,GEN,IND,,350,0,350,0.29,False
112,RANNI,175669,7,ULAKAN THEVAN,M,73,SC,IND,,196,0,196,0.16,False
113,ARANMULA,207229,1,ADV.K.SIVADASAN NAIR,M,62,GEN,INC,,64657,188,64845,47.69,True
113,ARANMULA,207229,2,K.C.RAJAGOPALAN,M,67,GEN,CPM,,58101,233,58334,42.9,False
113,ARANMULA,207229,3,ADV. K.HARIDAS,M,47,GEN,BJP,,10214,13,10227,7.52,False
113,ARANMULA,207229,4,AMRUTHAKUMAR.T,M,47,GEN,BSP,,721,0,721,0.53,False
113,ARANMULA,207229,5,NAZURUDHEEN,M,38,GEN,SDPI,,709,0,709,0.52,False
113,ARANMULA,207229,6,SUGATHAN.R,M,34,SC,IND,,387,0,387,0.28,False
113,ARANMULA,207229,7,D. SIVADASAN ACHARI,M,45,GEN,IND,,342,1,343,0.25,False
113,ARANMULA,207229,8,MADHU.G,M,25,SC,IND,,206,0,206,0.15,False
113,ARANMULA,207229,9,ADV. K.V. VARGHESE,M,49,GEN,SLAP,,134,0,134,0.1,False
113,ARANMULA,207229,10,PUSHPANGADAN,M,55,SC,IND,,68,1,69,0.05,False
114,KONNI,182384,1,ADV. ADOOR PRAKASH,M,55,GEN,INC,,65521,203,65724,50.15,True
114,KONNI,182384,2,M. S. RAJENDRAN,M,42,GEN,CPM,,57650,300,57950,44.22,False
114,KONNI,182384,3,V. S. HARISH CHANDRAN,M,50,GEN,BJP,,5986,8,5994,4.57,False
114,KONNI,182384,4,SINTO STEPHEN,M,26,GEN,IND,,655,0,655,0.5,False
114,KONNI,182384,5,THATTAYIL SARASWATHI,F,43,SC,IND,,276,0,276,0.21,False
114,KONNI,182384,6,LEKSHMI R SEKHAR,F,27,GEN,SUCI,,245,2,247,0.19,False
114,KONNI,182384,7,RENJINI C T,F,30,SC,IND,,206,1,207,0.16,False
115,ADOOR  (SC),194014,1,CHITTAYAM GOPAKUMAR,M,45,SC,CPI,,63126,375,63501,47.02,True
115,ADOOR  (SC),194014,2,PANDALAM SUDHAKARAN,M,55,SC,INC,,62675,219,62894,46.57,False
115,ADOOR  (SC),194014,3,K.K.SASI,M,43,SC,BJP,,6194,16,6210,4.6,False
115,ADOOR  (SC),194014,4,OLIKKULANGARA SURENDRAN,M,34,SC,IND,,994,0,994,0.74,False
115,ADOOR  (SC),194014,5,KODUMON RAMACHANDRAN,M,61,SC,BSP,,519,0,519,0.38,False
115,ADOOR  (SC),194014,6,PIRAVANTHOOR SREEDHARAN,M,56,SC,IND,,461,1,462,0.34,False
115,ADOOR  (SC),194014,7,REMANAN,M,35,SC,IND,,315,0,315,0.23,False
115,ADOOR  (SC),194014,8,ANIL.K.,M,32,SC,IND,,162,0,162,0.12,False
116,KARUNAGAPPALLY,182508,1,C. DIVAKARAN,M,67,GEN,CPI,,68489,597,69086,50.13,True
116,KARUNAGAPPALLY,182508,2,ADV. A. N. RAJANBABU,M,62,GEN,JPSS,,54318,246,54564,39.59,False
116,KARUNAGAPPALLY,182508,3,NAZARUDHEEN ELAMARAM,M,44,GEN,SDPI,,7644,1,7645,5.55,False
116,KARUNAGAPPALLY,182508,4,MALUMEL SURESH,M,43,GEN,BJP,,5091,6,5097,3.7,False
116,KARUNAGAPPALLY,182508,5,P.D. SUDHEER,M,31,GEN,IND,,868,0,868,0.63,False
116,KARUNAGAPPALLY,182508,6,TWINKLE PRABHAKARAN,F,33,GEN,SUCI,,542,5,547,0.4,False
117,CHAVARA,159655,1,SHIBU BABY JOHN,M,47,GEN,KRSP,,64592,410,65002,51.16,True
117,CHAVARA,159655,2,N.K.PREMACHANDRAN,M,50,GEN,RSP,,58322,619,58941,46.39,False
117,CHAVARA,159655,3,NALINI SANKARAMANGALAM,F,54,GEN,BJP,,2026,0,2026,1.59,False
117,CHAVARA,159655,4,MANIYAN.G.,M,38,SC,IND,,566,1,567,0.45,False
117,CHAVARA,159655,5,V. VARADHARAJAN,M,59,GEN,BSP,,532,0,532,0.42,False
118,KUNNATHUR  (SC),194463,1,KOVOOR KUNJUMON,M,42,SC,RSP,,71306,617,71923,49.97,True
118,KUNNATHUR  (SC),194463,2,P.K. RAVI,M,40,SC,INC,,59538,297,59835,41.58,False
118,KUNNATHUR  (SC),194463,3,RAJI PRASAD,F,28,SC,BJP,,5937,12,5949,4.13,False
118,KUNNATHUR  (SC),194463,4,THULASEEDHARAN PALLIKKAL,M,42,SC,SDPI,,2310,0,2310,1.61,False
118,KUNNATHUR  (SC),194463,5,ADV. VALLIKUNNAM PRASAD,M,44,SC,IND,,1354,0,1354,0.94,False
118,KUNNATHUR  (SC),194463,6,PULIKUZHY BALACHANDRAN,M,52,SC,BSP,,1142,3,1145,0.8,False
118,KUNNATHUR  (SC),194463,7,SHYLAJA. P,F,27,SC,IND,,611,0,611,0.42,False
118,KUNNATHUR  (SC),194463,8,RAVI,M,42,SC,IND,,525,0,525,0.36,False
118,KUNNATHUR  (SC),194463,9,V. REMADEVI,F,39,SC,IND,,266,0,266,0.18,False
119,KOTTARAKKARA,184917,1,P.AISHA POTTY,F,54,GEN,CPM,,73386,683,74069,53.89,True
119,KOTTARAKKARA,184917,2,N.N.MURALI,M,58,GEN,KEC(B),,53180,297,53477,38.91,False
119,KOTTARAKKARA,184917,3,VAYAKKAL MADHU,M,49,GEN,BJP,,6349,21,6370,4.63,False
119,KOTTARAKKARA,184917,4,DHANESHLAL PANAVELY,M,55,GEN,IND,,1063,0,1063,0.77,False
119,KOTTARAKKARA,184917,5,P.T.PRASANNA KUMAR,M,40,SC,BSP,,911,0,911,0.66,False
119,KOTTARAKKARA,184917,6,S. SOLOMON,M,59,GEN,IND,,773,0,773,0.56,False
119,KOTTARAKKARA,184917,7,PRAKASH V,M,35,SC,IND,,454,0,454,0.33,False
119,KOTTARAKKARA,184917,8,PRAKASH R,M,29,GEN,IND,,320,0,320,0.23,False
120,PATHANAPURAM,172946,1,K.B GANESH KUMAR,M,45,GEN,KEC(B),,71169,252,71421,55.64,True
120,PATHANAPURAM,172946,2,K. RAJAGOPAL,M,59,GEN,CPM,,50639,380,51019,39.74,False
120,PATHANAPURAM,172946,3,R. SUBHASH PATTAZHY,M,32,GEN,BJP,,2835,4,2839,2.21,False
120,PATHANAPURAM,172946,4,ANEESH ANTONY,M,30,GEN,IND,,1613,0,1613,1.26,False
120,PATHANAPURAM,172946,5,PUNALUR SALIM,M,63,GEN,BSP,,864,0,864,0.67,False
120,PATHANAPURAM,172946,6,N. SUNILKUMAR,M,34,GEN,IND,,610,1,611,0.48,False
121,PUNALUR,189994,1,ADV.K.RAJU,M,56,GEN,CPI,,72358,290,72648,54.52,True
121,PUNALUR,189994,2,ADV.JOHNSON ABRAHAM,M,46,GEN,INC,,54491,152,54643,41.01,False
121,PUNALUR,189994,3,B.RADHAMANI,F,54,GEN,BJP,,4155,0,4155,3.12,False
121,PUNALUR,189994,4,S.JAYAKUMAR,M,39,SC,IND,,699,0,699,0.52,False
121,PUNALUR,189994,5,KUZHICHAYIL SUNIL,M,34,GEN,BSP,,606,0,606,0.45,False
121,PUNALUR,189994,6,S.SHAILAJA,F,42,GEN,SUCI,,491,3,494,0.37,False
122,CHADAYAMANGALAM,177610,1,MULLAKKARA RATNAKARAN,M,56,GEN,CPI,,70755,476,71231,55.9,True
122,CHADAYAMANGALAM,177610,2,SHAHIDA KAMAL,F,43,GEN,INC,,47366,241,47607,37.36,False
122,CHADAYAMANGALAM,177610,3,T.C.SAJU KUMAR,M,44,GEN,BJP,,4156,4,4160,3.26,False
122,CHADAYAMANGALAM,177610,4,JALEEL KADAKKAL,M,37,GEN,SDPI,,1796,4,1800,1.41,False
122,CHADAYAMANGALAM,177610,5,SHIBU.K. CHADAYAMANGALAM,M,26,SC,IND,,1078,0,1078,0.85,False
122,CHADAYAMANGALAM,177610,6,KOOTTUKKAL PRASAD,M,40,GEN,BSP,,995,1,996,0.78,False
122,CHADAYAMANGALAM,177610,7,OYOOR NAZEER,M,38,GEN,IND,,557,0,557,0.44,False
123,KUNDARA,178990,1,M.A. BABY,M,57,GEN,CPM,,66489,646,67135,52.48,True
123,KUNDARA,178990,2,P.JERMIAS,M,38,GEN,INC,,51926,416,52342,40.92,False
123,KUNDARA,178990,3,VELLIMON DILEEP,M,37,GEN,BJP,,5979,11,5990,4.68,False
123,KUNDARA,178990,4,SANDHYA  PALLIMON,F,27,SC,IND,,956,1,957,0.75,False
123,KUNDARA,178990,5,SUSEELA MOHAN,F,45,SC,BSP,,946,1,947,0.74,False
123,KUNDARA,178990,6,ANTONY VINCENT,M,50,GEN,SUCI,,553,0,553,0.43,False
124,KOLLAM,160475,1,P.K.GURUDASAN,M,75,GEN,CPM,,57437,549,57986,50.86,True
124,KOLLAM,160475,2,K.C.RAJAN,M,64,GEN,INC,,49145,301,49446,43.37,False
124,KOLLAM,160475,3,G.HARI.,M,39,GEN,BJP,,4199,8,4207,3.69,False
124,KOLLAM,160475,4,A.A. SHAFI,M,67,GEN,SDPI,,1166,2,1168,1.02,False
124,KOLLAM,160475,5,MANGAD THULASEEDHARAN,M,45,SC,BSP,,507,0,507,0.44,False
124,KOLLAM,160475,6,SANU.K,M,25,SC,IND,,372,0,372,0.33,False
124,KOLLAM,160475,7,C.N.NARAYANAN NAIR,M,49,GEN,IND,,191,0,191,0.17,False
124,KOLLAM,160475,8,V. MOHANAN,M,52,GEN,IND,,141,0,141,0.12,False
125,ERAVIPURAM,153575,1,A.A. AZEEZ,M,69,GEN,RSP,,50891,380,51271,49.0,True
125,ERAVIPURAM,153575,2,P.K.K. BAVA,M,62,GEN,MUL,,43087,172,43259,41.34,False
125,ERAVIPURAM,153575,3,PATTATHANAM BABU,M,47,GEN,BJP,,5040,8,5048,4.82,False
125,ERAVIPURAM,153575,4,MYLAKKAD SHAH,M,45,GEN,IND,,3232,2,3234,3.09,False
125,ERAVIPURAM,153575,5,SUSHAMA VIJAYAN,F,53,SC,BSP,,580,0,580,0.55,False
125,ERAVIPURAM,153575,6,ABDUL AZEEZ,M,56,GEN,IND,,551,1,552,0.53,False
125,ERAVIPURAM,153575,7,SAIJU V.,M,39,GEN,IND,,391,0,391,0.37,False
125,ERAVIPURAM,153575,8,DEEPU. N.,M,26,SC,IND,,309,1,310,0.3,False
126,CHATHANNUR,160688,1,G.S.JAYALAL,M,39,GEN,CPI,,59834,353,60187,52.66,True
126,CHATHANNUR,160688,2,BINDU KRISHNA,F,38,GEN,INC,,47383,215,47598,41.64,False
126,CHATHANNUR,160688,3,KIZHAKKANELA SUDHAKARAN,M,49,GEN,BJP,,3824,15,3839,3.36,False
126,CHATHANNUR,160688,4,A.SASI,M,42,SC,IND,,1134,0,1134,0.99,False
126,CHATHANNUR,160688,5,JAYALAL,M,29,GEN,IND,,763,0,763,0.67,False
126,CHATHANNUR,160688,6,MAILODE SUDHAN,M,47,SC,BSP,,490,0,490,0.43,False
126,CHATHANNUR,160688,7,SASIKUMAR,M,49,GEN,SHS,,287,0,287,0.25,False
127,VARKALA,151930,1,VARKALA KAHAR,M,60,GEN,INC,,57610,145,57755,52.4,True
127,VARKALA,151930,2,A.A.RAHIM,M,30,GEN,CPM,,46865,180,47045,42.68,False
127,VARKALA,151930,3,ELAKAMAN SATHEESAN,M,46,GEN,BJP,,3429,1,3430,3.11,False
127,VARKALA,151930,4,CHERUNNIYOOR GANESH,M,37,GEN,IND,,927,0,927,0.84,False
127,VARKALA,151930,5,KUNNIL SHAJAHAN,M,37,GEN,SDPI,,795,0,795,0.72,False
127,VARKALA,151930,6,ANEESH KUMAR,M,28,GEN,IND,,275,0,275,0.25,False
128,ATTINGAL  (SC),171684,1,ADVOCATE. B. SATYAN,M,45,SC,CPM,,63252,306,63558,55.44,True
128,ATTINGAL  (SC),171684,2,THANKAMONY DIVAKARAN,F,54,SC,INC,,33384,109,33493,29.22,False
128,ATTINGAL  (SC),171684,3,ATTINGAL SURESH,M,42,SC,IND,,7844,13,7857,6.85,False
128,ATTINGAL  (SC),171684,4,DR.P.P. VAVA,M,66,SC,BJP,,4840,4,4844,4.23,False
128,ATTINGAL  (SC),171684,5,V.V.SELVARAJ,M,28,SC,IND,,1713,0,1713,1.49,False
128,ATTINGAL  (SC),171684,6,K. G. SOMAN,M,55,SC,SDPI,,1561,0,1561,1.36,False
128,ATTINGAL  (SC),171684,7,DR.M.CHINNAMMA,F,56,SC,BSP,,1235,0,1235,1.08,False
128,ATTINGAL  (SC),171684,8,G.ANIRUDHAN,M,47,SC,IND,,377,0,377,0.33,False
129,CHIRAYINKEEZHU  (SC),169988,1,V.SASI,M,60,SC,CPI,,59420,181,59601,52.93,True
129,CHIRAYINKEEZHU  (SC),169988,2,K.VIDYADHARAN,M,51,SC,INC,,47276,100,47376,42.07,False
129,CHIRAYINKEEZHU  (SC),169988,3,AYTHIYOOR SURENDRAN,M,57,SC,IND,,2077,1,2078,1.85,False
129,CHIRAYINKEEZHU  (SC),169988,4,ANIL MANGALAPURAM,M,41,SC,BSP,,1414,0,1414,1.26,False
129,CHIRAYINKEEZHU  (SC),169988,5,SAJIMON CHELAYAM,M,27,SC,IND,,1277,0,1277,1.13,False
129,CHIRAYINKEEZHU  (SC),169988,6,ANILKUMAR.B,M,41,SC,LJP,,856,1,857,0.76,False
130,NEDUMANGAD,175795,1,PALODE RAVI,M,61,GEN,INC,,59358,431,59789,47.87,True
130,NEDUMANGAD,175795,2,ADV.P. RAMACHANDRAN NAIR,M,59,GEN,CPI,,54250,509,54759,43.84,False
130,NEDUMANGAD,175795,3,ANJANA.K.S,F,40,GEN,BJP,,5965,6,5971,4.78,False
130,NEDUMANGAD,175795,4,ANDOORKONAM SULFI,M,36,GEN,IND,,1255,0,1255,1.0,False
130,NEDUMANGAD,175795,5,NOORJAHAN.A.,F,39,GEN,SDPI,,1200,0,1200,0.96,False
130,NEDUMANGAD,175795,6,IDAMMA.N.,F,50,GEN,BSP,,731,0,731,0.59,False
130,NEDUMANGAD,175795,7,VAZHODE RAVI,M,47,GEN,IND,,346,0,346,0.28,False
130,NEDUMANGAD,175795,8,BIJU.A.,M,28,SC,IND,,342,0,342,0.27,False
130,NEDUMANGAD,175795,9,ANAD.G.RAMACHANDRAN NAIR,M,64,GEN,IND,,277,0,277,0.22,False
130,NEDUMANGAD,175795,10,SAJI,M,35,GEN,IND,,237,0,237,0.19,False
131,VAMANAPURAM,174408,1,KOLIAKODE.N. KRISHNAN NAIR,M,73,GEN,CPM,,56940,441,57381,46.51,True
131,VAMANAPURAM,174408,2,ADV.C.MOHANACHANDRAN,M,60,GEN,INC,,54872,273,55145,44.7,False
131,VAMANAPURAM,174408,3,KARETTE SIVAPRASAD,M,41,GEN,BJP,,5227,1,5228,4.24,False
131,VAMANAPURAM,174408,4,ADV. PIRAPPANKODE SHAJAHAN,M,40,GEN,SDPI,,2225,0,2225,1.8,False
131,VAMANAPURAM,174408,5,SELEENA PRAKKANAM,F,32,GEN,IND,,1612,1,1613,1.31,False
131,VAMANAPURAM,174408,6,SASI R CHERAMAN,M,41,SC,BSP,,867,0,867,0.7,False
131,VAMANAPURAM,174408,7,IRINCHAYAM SURESH,M,38,GEN,IND,,437,0,437,0.35,False
131,VAMANAPURAM,174408,8,KRISHNAN NAIR,M,71,GEN,IND,,275,0,275,0.22,False
131,VAMANAPURAM,174408,9,BHARATHANNOOR BALAN,M,70,GEN,IND,,205,0,205,0.17,False
132,KAZHAKKOOTTAM,163199,1,ADV. M. A. VAHEED,M,61,GEN,INC,,50487,300,50787,46.38,True
132,KAZHAKKOOTTAM,163199,2,C  AJAYAKUMAR,M,55,GEN,CPM,,48137,454,48591,44.38,False
132,KAZHAKKOOTTAM,163199,3,ADV. PADMAKUMAR,M,49,GEN,BJP,,7497,11,7508,6.86,False
132,KAZHAKKOOTTAM,163199,4,M WAHID,M,38,GEN,IND,,986,0,986,0.9,False
132,KAZHAKKOOTTAM,163199,5,K BHUVANENDRAN CHETTIAR,M,61,GEN,BSP,,677,1,678,0.62,False
132,KAZHAKKOOTTAM,163199,6,M.A. JALEEL,M,51,GEN,SDPI,,418,0,418,0.38,False
132,KAZHAKKOOTTAM,163199,7,SUDARSHANAN S,M,51,SC,IND,,325,0,325,0.3,False
132,KAZHAKKOOTTAM,163199,8,K AJITHKUMAR,M,30,SC,IND,,205,0,205,0.19,False
133,VATTIYOORKAVU,175398,1,K.MURALIDHARAN,M,53,GEN,INC,,56038,493,56531,50.19,True
133,VATTIYOORKAVU,175398,2,CHERIYAN PHILIP,M,57,GEN,IND,,39874,490,40364,35.84,False
133,VATTIYOORKAVU,175398,3,ADV.V.V.RAJESH,M,35,GEN,BJP,,13454,40,13494,11.98,False
133,VATTIYOORKAVU,175398,4,KAITHAKODU RADHAKRISHNAN,M,62,SC,BSP,,913,2,915,0.81,False
133,VATTIYOORKAVU,175398,5,CHERIYAN.P.T,M,27,GEN,IND,,551,0,551,0.49,False
133,VATTIYOORKAVU,175398,6,RAJAN.K,M,59,SC,IND,,488,0,488,0.43,False
133,VATTIYOORKAVU,175398,7,G.BALAKRISHNAN NAIR,M,68,GEN,KJ,,294,0,294,0.26,False
134,THIRUVANANTHAPURAM,177442,1,ADV.V.S.SIVAKUMAR,M,50,GEN,INC,,48924,198,49122,45.87,True
134,THIRUVANANTHAPURAM,177442,2,V.SURENDRAN PILLAI,M,55,GEN,KC(AMG),,43543,227,43770,40.87,False
134,THIRUVANANTHAPURAM,177442,3,B.K.SHEKHAR,M,51,GEN,BJP,,11503,16,11519,10.76,False
134,THIRUVANANTHAPURAM,177442,4,ABDU RAZAK. A,M,64,GEN,SDPI,,807,0,807,0.75,False
134,THIRUVANANTHAPURAM,177442,5,P.SURENDRAN PILLAI,M,71,GEN,IND,,517,1,518,0.48,False
134,THIRUVANANTHAPURAM,177442,6,S.SIVAKUMAR,M,40,GEN,IND,,485,0,485,0.45,False
134,THIRUVANANTHAPURAM,177442,7,P.S GOPAKUMAR,M,40,GEN,SUCI,,234,1,235,0.22,False
134,THIRUVANANTHAPURAM,177442,8,N.SIVAKUMAR,M,47,GEN,IND,,221,0,221,0.21,False
134,THIRUVANANTHAPURAM,177442,9,SUNDARAN PILLAI,M,54,GEN,IND,,207,0,207,0.19,False
134,THIRUVANANTHAPURAM,177442,10,C.VASANTHA KUMARI,F,55,GEN,IND,,110,0,110,0.1,False
134,THIRUVANANTHAPURAM,177442,11,GEORGE MANKIDIAN,M,71,GEN,IND,,98,0,98,0.09,False
135,NEMOM,172493,1,V.SIVANKUTTY,M,56,GEN,CPM,,49740,336,50076,42.99,True
135,NEMOM,172493,2,O.RAJAGOPAL,M,81,GEN,BJP,,43540,121,43661,37.49,False
135,NEMOM,172493,3,CHARUPARA RAVI,M,62,GEN,SJD,,20145,103,20248,17.38,False
135,NEMOM,172493,4,JAIN WILSON,M,51,GEN,IND,,964,0,964,0.83,False
135,NEMOM,172493,5,O.MAHEEN,M,48,GEN,BSP,,667,0,667,0.57,False
135,NEMOM,172493,6,THIRUVALLAM SREEKANTAN,M,49,SC,IND,,338,0,338,0.29,False
135,NEMOM,172493,7,J.VIKRAMAN,M,47,GEN,DPSP,,303,0,303,0.26,False
135,NEMOM,172493,8,RAMACHANDRAN,M,48,GEN,IND,,217,0,217,0.19,False
136,ARUVIKKARA,165638,1,G. KARTHIKEYEN,M,62,GEN,INC,,56491,306,56797,48.79,True
136,ARUVIKKARA,165638,2,AMBALATHARA SREEDHARAN NAIR,M,71,GEN,RSP,,45792,331,46123,39.62,False
136,ARUVIKKARA,165638,3,SIVANKUTTY . C,M,49,GEN,BJP,,7688,6,7694,6.61,False
136,ARUVIKKARA,165638,4,A. BALAN,M,61,SC,BSP,,1744,2,1746,1.5,False
136,ARUVIKKARA,165638,5,ADV. POOVATHOOR .S.RAJEEV,M,37,GEN,IND,,972,0,972,0.83,False
136,ARUVIKKARA,165638,6,SANIL V O,M,31,GEN,IND,,913,0,913,0.78,False
136,ARUVIKKARA,165638,7,R.RAJAPPAN,M,60,ST,IND,,753,0,753,0.65,False
136,ARUVIKKARA,165638,8,KARAKULAM SATHYAKUMAR,M,47,GEN,IND,,651,0,651,0.56,False
136,ARUVIKKARA,165638,9,S. SREEKUMAR,M,36,GEN,SUCI,,524,1,525,0.45,False
136,ARUVIKKARA,165638,10,LATHA B VELLUMANNADI,F,30,SC,IND,,244,0,244,0.21,False
137,PARASSALA,188442,1,A.T. GEORGE,M,59,GEN,INC,,60422,156,60578,44.8,True
137,PARASSALA,188442,2,ANAVOOR NAGAPPAN,M,62,GEN,CPM,,59717,356,60073,44.43,False
137,PARASSALA,188442,3,ADV. S. SURESH,M,39,GEN,BJP,,10301,9,10310,7.63,False
137,PARASSALA,188442,4,J.SUDHAKARAN,M,62,SC,BSP,,2269,0,2269,1.68,False
137,PARASSALA,188442,5,T.K.VISWAMBHARAN,M,57,GEN,IND,,1207,0,1207,0.89,False
137,PARASSALA,188442,6,OORUTTUKALA ANIKUMAR,M,38,GEN,SHS,,774,0,774,0.57,False
138,KATTAKKADA,166306,1,N SAKTHAN,M,60,GEN,INC,,52061,307,52368,44.63,True
138,KATTAKKADA,166306,2,ADV. M.V.JAYADALI,F,33,GEN,IND,,39114,338,39452,33.62,False
138,KATTAKKADA,166306,3,P K KRISHNADAS,M,47,GEN,BJP,,22494,56,22550,19.22,False
138,KATTAKKADA,166306,4,VENGODE SUNIL KUMAR,M,41,GEN,BSP,,1302,1,1303,1.11,False
138,KATTAKKADA,166306,5,KATTAKKADA RAJAN,M,36,SC,SDPI,,612,1,613,0.52,False
138,KATTAKKADA,166306,6,S SUJITHRA,F,26,SC,IND,,585,1,586,0.5,False
138,KATTAKKADA,166306,7,MALAYINKEEZH RAJESH,M,57,GEN,IND,,475,0,475,0.4,False
139,KOVALAM,183616,1,JAMEELA PRAKASAM,F,53,GEN,JD(S),,59146,364,59510,47.6,True
139,KOVALAM,183616,2,ADV.GEORGE MERCIER,M,58,GEN,INC,,52023,282,52305,41.84,False
139,KOVALAM,183616,3,VENGANOOR SATHEESH,M,47,GEN,BJP,,9114,13,9127,7.3,False
139,KOVALAM,183616,4,THANKA BAI.T.,F,70,GEN,IND,,1231,0,1231,0.98,False
139,KOVALAM,183616,5,A.M. NIZAM,M,40,GEN,SDPI,,1193,0,1193,0.95,False
139,KOVALAM,183616,6,MURALEEDHARAN,M,42,SC,BSP,,1157,0,1157,0.93,False
139,KOVALAM,183616,7,VAZHAMUTTOM RAJENDRAN,M,55,GEN,DPSP,,485,0,485,0.39,False
140,NEYYATTINKARA,157851,1,R SELVARAJ,M,62,GEN,CPM,,54228,483,54711,48.98,True
140,NEYYATTINKARA,157851,2,THAMPANOOR RAVI,M,61,GEN,INC,,47691,318,48009,42.98,False
140,NEYYATTINKARA,157851,3,ATHIYANNOOR SREEKUMAR,M,48,GEN,BJP,,6723,7,6730,6.03,False
140,NEYYATTINKARA,157851,4,KOVILLOOR.A.BABU,M,52,GEN,BSP,,1167,1,1168,1.05,False
140,NEYYATTINKARA,157851,5,MOHANAN,M,55,GEN,IND,,557,0,557,0.5,False
140,NEYYATTINKARA,157851,6,MANALOOR.B.VASANTHA,F,58,SC,IND,,522,1,523,0.47,False
