reference,constituencyName,alliance,party,candidateName,malayalamName,aparanTag,candidateGender,candidateAge,Symbol,mlaTrackLink
26kla001,Manjeshwaram,LDF,CPI(M),K. R. Jayananda,കെ. ആർ. ജയാനന്ദ,,male,58,"Hammer, Sickle and Star",
26kla002,Kasaragod,LDF,Independent (INL Support),Shanavas Padhoor,ഷാനവാസ് പാദൂർ,,male,46,Battery Torch,
26kla003,Udma,LDF,CPI(M),C. H. Kunhambu,സി. എച്ച്. കുഞ്ഞമ്പു,,male,66,"Hammer, Sickle and Star",https://mlatrack.com/15kla/profiles/mlas/c_h_kunhambu_u
26kla004,Kanhangad,LDF,CPI,Govindan Pallikkappil,ഗോവിന്ദൻ പള്ളിക്കാപ്പിൽ,,male,60,Ears of Corn and Sickle,
26kla005,Thrikaripur,LDF,CPI(M),V. P. P. Mustafa,വി. പി. പി. മുസ്തഫ,,male,54,"Hammer, Sickle and Star",
26kla006,Payyanur,LDF,CPI(M),T. I. Madhusoodanan,ടി. ഐ. മധുസൂദനൻ,,male,65,"Hammer, Sickle and Star",https://mlatrack.com/15kla/profiles/mlas/t_i_madusoodhanan_p
26kla007,Kalliasseri,LDF,CPI(M),M. Vijin,എം. വിജിൻ,,male,36,"Hammer, Sickle and Star",https://mlatrack.com/15kla/profiles/mlas/m_vijin_k
26kla008,Taliparamba,LDF,CPI(M),P. K. Shyamala,പി. കെ. ശ്യാമള,,female,65,"Hammer, Sickle and Star",
26kla009,Irikkur,LDF,Kerala Congress (M),Adv. Mathew Kunnappally,അഡ്വ. മാത്യു കുന്നപ്പള്ളി,,male,66,Two leaves,
26kla010,Azhikode,LDF,CPI(M),K. V. Sumesh,കെ. വി. സുമേഷ്,,male,47,"Hammer, Sickle and Star",https://mlatrack.com/15kla/profiles/mlas/k_v_sumesh_a
26kla011,Kannur,LDF,Congress (Secular),Kadannappalli Ramachandran,കടന്നപ്പള്ളി രാമചന്ദ്രൻ,,male,81,Television,https://mlatrack.com/15kla/profiles/key_functionaries/kadannappalli_ramachandran_k
26kla012,Dharmadom,LDF,CPI(M),Pinarayi Vijayan,പിണറായി വിജയൻ,,male,82,"Hammer, Sickle and Star",https://mlatrack.com/15kla/profiles/key_functionaries/pinarayi_vijayan_d
26kla013,Thalassery,LDF,CPI(M),Karayi Rajan,കാരായി രാജൻ,,male,68,"Hammer, Sickle and Star",
26kla014,Kuthuparamba,LDF,RJD,P. K. Praveen,പി. കെ. പ്രവീൺ,,male,56,Hurricane Lamp,
26kla015,Mattanur,LDF,CPI(M),V. K. Sanoj,വി. കെ. സനോജ്,,male,43,"Hammer, Sickle and Star",
26kla016,Peravoor,LDF,CPI(M),K. K. Shailaja,കെ. കെ. ശൈലജ,,female,69,"Hammer, Sickle and Star",https://mlatrack.com/15kla/profiles/mlas/k_k_shailaja_m
26kla017,Mananthavady,LDF,CPI(M),O. R. Kelu,ഒ. ആർ. കേളു,,male,57,"Hammer, Sickle and Star",https://mlatrack.com/15kla/profiles/key_functionaries/o_r_kelu_m
26kla018,Sulthan Bathery,LDF,CPI(M),M. S. Viswanathan,എം. എസ്. വിശ്വനാഥൻ,,male,54,"Hammer, Sickle and Star",
26kla019,Kalpetta,others,,P. K. Anil Kumar,അനിൽകുമാർ S/O ഉണ്ണിനായർ,26kla893,male,52,Binoculars,
26kla020,Vatakara,LDF,RJD,M. K. Bhaskaran,എം. കെ. ഭാസ്കരൻ,,male,66,Hurricane Lamp,
26kla021,Kuttiady,LDF,CPI(M),K. P. Kunhammad Kutti Master,കെ. പി. കുഞ്ഞമ്മദ് കുട്ടി മാസ്റ്റർ,,male,74,"Hammer, Sickle and Star",https://mlatrack.com/15kla/profiles/mlas/k_p_kunhammed_kutti_k
26kla022,Nadapuram,LDF,CPI,Adv. P. Vasantham,ആഡ്വ. പി. വസന്തം,,female,67,Ears of Corn and Sickle,
26kla023,Koyilandy,LDF,CPI(M),K. Dasan,കെ. ദാസൻ,,male,73,"Hammer, Sickle and Star",
26kla024,Perambra,LDF,CPI(M),T. P. Ramakrishnan,ടി. പി. രാമകൃഷ്ണൻ,,male,76,"Hammer, Sickle and Star",https://mlatrack.com/15kla/profiles/mlas/t_p_ramakrishnan_p
26kla025,Balussery,LDF,CPI(M),Adv. K.M. Sachindev,ആഡ്വ. കെ. എം. സച്ചിൻദേവ്,,male,32,"Hammer, Sickle and Star",https://mlatrack.com/15kla/profiles/mlas/k_m_sachin_dev_b
26kla026,Elathur,LDF,NCP(SP),A. K. Saseendran,എ. കെ. ശശീന്ദ്രൻ,,male,80,Man blowing Turha,https://mlatrack.com/15kla/profiles/key_functionaries/a_k_saseendran_e
26kla027,Kozhikode North,LDF,CPI(M),Thottathil Ravindran,തോട്ടത്തിൽ രവീന്ദ്രൻ,,male,78,"Hammer, Sickle and Star",https://mlatrack.com/15kla/profiles/mlas/thottathil_raveendran_k
26kla028,Kozhikode South,LDF,INL,Ahamed Devarkovil,അഹമ്മദ് ദേവർകോവിൽ,,male,66,Bucket,https://mlatrack.com/15kla/profiles/mlas/ahamed_devarkovil_k
26kla029,Beypore,LDF,CPI(M),Muhammad Riyas,മുഹമ്മദ് റിയാസ്,,male,50,"Hammer, Sickle and Star",https://mlatrack.com/15kla/profiles/key_functionaries/p_a_mohammed_riyas_b
26kla030,Kunnamangalam,LDF,Independent (CPI(M) support),Adv. P.T.A Rahim,ആഡ്വ. പി. ടി. എ. റഹീം,,male,76,Bucket,https://mlatrack.com/15kla/profiles/mlas/p_t_a_rahim_k
26kla031,Koduvally,LDF,Independent (CPI(M) support),Saleem Madavoor,സലീം മടവൂർ,,male,52,Bucket,
26kla032,Thiruvambady,LDF,CPI(M),Linto Joseph,ലിന്റോ ജോസഫ്,,male,33,"Hammer, Sickle and Star",https://mlatrack.com/15kla/profiles/mlas/linto_joseph_t
26kla033,Kondotty,LDF,CPI(M),Dr. P. Jiji,ഡോ. പി. ജിജി,,female,36,"Hammer, Sickle and Star",
26kla034,Eranad,LDF,CPI,Adv. Shafeer Kizhisseri,ആഡ്വ. ഷഫീർ കിഴിശ്ശേരി,,male,36,Ears of Corn and Sickle,
26kla035,Nilambur,LDF,Independent (CPI(M) support),U. Sharafali,യു. ഷറഫലി,,male,61,Scissors,
26kla036,Wandoor,LDF,CPI(M),Dr. K.K Damodaran,ഡോ. കെ. കെ. ദാമോദരൻ,,male,58,"Hammer, Sickle and Star",
26kla037,Manjeri,LDF,Independent (CPI support),V. M. Mustafa,വി. എം. മുസ്തഫ,,male,52,Scissors,
26kla038,Perinthalmanna,LDF,CPI(M),V. P. Muhammad Haneefa,വി. പി. മുഹമ്മദ് ഹനീഫ,,male,49,"Hammer, Sickle and Star",
26kla039,Mankada,others,,Kunnath Muhammed,മുഹമ്മദ് കുന്നത്ത് S/O മൊയ്തീൻ,26kla836,male,61,Bat,
26kla040,Malappuram,LDF,NCP(SP),K. T. Mujeeb,കെ. ടി. മുജീബ്,,male,51,Man blowing Turha,
26kla041,Vengara,LDF,Independent (CPI(M) support),Muhammad Sabah Kundupuzhakkal,മുഹമ്മദ് സബാഹ് കുണ്ടുപുഴക്കൽ,,male,55,Scissors,
26kla042,Vallikkunnu,LDF,Independent (INL support),Adv. C. P. Musthafa,അഡ്വ. സി. പി. മുസ്തഫ,,male,59,Television,
26kla043,Tirurangadi,LDF,CPI,Ajit Koladi,അജിത് കൊളാടി,,male,65,Ears of Corn and Sickle,
26kla044,Thanur,others,,Muhammed Sameer,മുഹമ്മദ് സമീർ,26kla851,male,43,Bucket,
26kla045,Tirur,others,,V. Abdurahman,അബ്ദുറഹ്മാൻ S/O കുഞ്ഞാവ,26kla1052,male,63,Bicycle Pump,
26kla046,Kottakkal,LDF,CPI(M),K. Preethi,കെ. പ്രീതി,,female,52,"Hammer, Sickle and Star",
26kla047,Thavanur,LDF,Independent (CPI(M) support),Dr. K. T. Jaleel,ഡോ. കെ. ടി. ജലീൽ,,male,58,Truck,https://mlatrack.com/15kla/profiles/mlas/k_t_jaleel_t
26kla048,Ponnani,LDF,CPI(M),Adv. M. K. Sakeer,ആഡ്വ.എം. കെ. സക്കീർ,,male,61,"Hammer, Sickle and Star",
26kla049,Thrithala,LDF,CPI(M),M. B. Rajesh,എം. ബി. രാജേഷ്,,male,55,"Hammer, Sickle and Star",https://mlatrack.com/15kla/profiles/key_functionaries/m_b_rajesh_t
26kla050,Pattambi,LDF,CPI,Muhammad Muhsin,മുഹമ്മദ് മുഹ്സിൻ,,male,39,Ears of Corn and Sickle,https://mlatrack.com/15kla/profiles/mlas/muhammed_muhsin_p
26kla051,Shornur,LDF,CPI(M),P. Mammikkutty,പി. മമ്മിക്കുട്ടി,,male,73,"Hammer, Sickle and Star",https://mlatrack.com/15kla/profiles/mlas/p_mammikutty_s
26kla052,Ottapalam,LDF,CPI(M),Adv. K. Premkumar,ആഡ്വ.കെ. പ്രേംകുമാർ,,male,46,"Hammer, Sickle and Star",https://mlatrack.com/15kla/profiles/mlas/k_premkumar_o
26kla053,Kongad,LDF,CPI(M),K. Shanthakumari,കെ. ശാന്തകുമാരി,,female,55,"Hammer, Sickle and Star",https://mlatrack.com/15kla/profiles/mlas/k_shanthakumari_k
26kla054,Mannarkkad,LDF,CPI,Manzil Aboobacker,മൻസിൽ അബൂബക്കർ,,male,64,Ears of Corn and Sickle,
26kla055,Malampuzha,LDF,CPI(M),A. Prabhakaran,എ. പ്രഭാകരൻ,,male,74,"Hammer, Sickle and Star",https://mlatrack.com/15kla/profiles/mlas/a_prabhakaran_m
26kla056,Palakkad,LDF,Independent (CPI(M) support),N. M. R. Razaq,എൻ. എം. ആർ. റസാഖ്,,male,51,Ring,
26kla057,Tarur,LDF,CPI(M),P. P. Sumod,പി. പി. സുമോദ്,,male,43,"Hammer, Sickle and Star",https://mlatrack.com/15kla/profiles/mlas/p_p_sumod_t
26kla058,Chittur,LDF,Indian Socialist Janata Dal,Adv V. Murugadas,അഡ്വ. വി. മുരുകദാസ്,,male,51,Ring,
26kla059,Nenmara,LDF,CPI(M),K. Preman,കെ. പ്രേമൻ,,male,51,"Hammer, Sickle and Star",
26kla060,Alathur,LDF,CPI(M),T. M. Sasi,ടി. എം. ശശി,,male,46,"Hammer, Sickle and Star",
26kla061,Chelakkara,LDF,CPI(M),U. R. Pradeep,യു. ആർ. പ്രദീപ്,,male,52,"Hammer, Sickle and Star",https://mlatrack.com/15kla/profiles/mlas/u_r_pradeep_c
26kla062,Kunnamkulam,LDF,CPI(M),A. C. Moytheen,എ. സി. മൊയ്തീൻ,,male,69,"Hammer, Sickle and Star",https://mlatrack.com/15kla/profiles/mlas/a_c_moideen_k
26kla063,Guruvayur,LDF,CPI(M),N. K. Akbar,എൻ. കെ. അക്ബർ,,male,56,"Hammer, Sickle and Star",https://mlatrack.com/15kla/profiles/mlas/n_k_akbar_g
26kla064,Manalur,LDF,CPI(M),C. Ravindranath,സി. രവീന്ദ്രനാഥ്,,male,70,"Hammer, Sickle and Star",
26kla065,Wadakkanchery,LDF,CPI(M),Xeviyar Chittilappally,സേവ്യർ ചിറ്റിലപ്പള്ളി,,male,54,"Hammer, Sickle and Star",https://mlatrack.com/15kla/profiles/mlas/xavier_chittilappilly_w
26kla066,Ollur,LDF,CPI,K. Rajan,കെ. രാജൻ,,male,52,Ears of Corn and Sickle,https://mlatrack.com/15kla/profiles/key_functionaries/k_rajan_o
26kla067,Thrissur,LDF,CPI,Alankode Leelakrishnan,ആലങ്കോട് ലീലാകൃഷ്ണൻ,,male,66,Ears of Corn and Sickle,
26kla068,Nattika,LDF,CPI,Geetha Gopi,ഗീത ഗോപി,,female,52,Ears of Corn and Sickle,
26kla069,Kaipamangalam,LDF,CPI,K. K. Valsaraj,കെ. കെ. വത്സരാജ്,,male,63,Ears of Corn and Sickle,
26kla070,Irinjalakuda,LDF,CPI(M),Dr. R. Bindu,ഡോ. ആർ. ബിന്ദു,,female,58,"Hammer, Sickle and Star",https://mlatrack.com/15kla/profiles/key_functionaries/r_bindu_i
26kla071,Puthukkad,LDF,CPI(M),K. K. Ramachandran,കെ. കെ. രാമചന്ദ്രൻ,,male,58,"Hammer, Sickle and Star",https://mlatrack.com/15kla/profiles/mlas/k_k_ramachandran_p
26kla072,Chalakudy,LDF,Kerala Congress (M),Adv Biju Chirayath,അഡ്വ. ബിജു ചിറയത്ത്,,male,59,Two leaves,
26kla073,Kodungallur,LDF,CPI,Adv. V R Sunil Kumar,അഡ്വ. വി. ആർ. സുനിൽ കുമാർ,,male,56,Ears of Corn and Sickle,https://mlatrack.com/15kla/profiles/mlas/v_r_sunil_kumar_k
26kla074,Perumbavoor,LDF,Kerala Congress (M),Basil Paul,ബേസിൽ പോൾ,,male,55,Two leaves,
26kla075,Angamaly,LDF,CPI(M),Saju Paul,സാജു പോൾ,,male,59,"Hammer, Sickle and Star",
26kla076,Aluva,LDF,CPI(M),Adv. A. M. Ariff,ആഡ്വ. എ. എം. ആരിഫ്,,male,61,"Hammer, Sickle and Star",
26kla077,Kalamassery,LDF,CPI(M),P. Rajeev,പി. രാജീവ്,,male,59,"Hammer, Sickle and Star",https://mlatrack.com/15kla/profiles/key_functionaries/p_rajeev_k
26kla078,Paravur,LDF,CPI,E. T. Taison Master,ഇ. ടി. ടൈസൺ മാസ്റ്റർ,,male,61,Ears of Corn and Sickle,https://mlatrack.com/15kla/profiles/mlas/e_t_tyson_k
26kla079,Vypin,LDF,CPI(M),Adv. M. B. Shyni,അഡ്വ. എം. ബി. ഷൈനി,,female,44,"Hammer, Sickle and Star",
26kla080,Kochi,LDF,CPI(M),K. J. Maxi,കെ. ജെ. മാക്സി,,male,63,"Hammer, Sickle and Star",https://mlatrack.com/15kla/profiles/mlas/k_j_maxi_k
26kla081,Thrippunithura,LDF,CPI(M),K. N. Unnikrishnan,കെ. എൻ. ഉണ്ണികൃഷ്ണൻ,,male,65,"Hammer, Sickle and Star",https://mlatrack.com/15kla/profiles/mlas/k_n_unnikrishnan_v
26kla082,Ernakulam,LDF,Indian Socialist Janata Dal,Sabu George,സാബു ജോർജ്,,male,63,Ring,
26kla083,Thrikkakara,LDF,CPI(M),Adv. Pushpa das,ആഡ്വ.പുഷ്പ ദാസ്,,female,55,"Hammer, Sickle and Star",
26kla084,Kunnathunad,LDF,CPI(M),Adv. P. V. Sreenijin,ആഡ്വ.പി. വി. ശ്രീനിജിൻ,,male,50,"Hammer, Sickle and Star",https://mlatrack.com/15kla/profiles/mlas/p_v_srinijan_k
26kla085,Piravom,LDF,Kerala Congress (M),Sabu K Jacob,സാബു കെ. ജേക്കബ്,,male,61,Two leaves,
26kla086,Muvattupuzha,LDF,CPI,N. Arun,എൻ. അരുൺ,,male,41,Ears of Corn and Sickle,
26kla087,Kothamangalam,LDF,CPI(M),Antony John,ആന്റണി ജോൺ,,male,43,"Hammer, Sickle and Star",https://mlatrack.com/15kla/profiles/mlas/antony_john_k
26kla088,Devikulam,LDF,CPI(M),Adv. A. Raja,ആഡ്വ.എ. രാജ,,male,41,"Hammer, Sickle and Star",https://mlatrack.com/15kla/profiles/mlas/a_raja_d
26kla089,Udumbanchola,LDF,CPI(M),K. K. Jayachandran,കെ. കെ. ജയചന്ദ്രൻ,,male,74,"Hammer, Sickle and Star",
26kla090,Thodupuzha,LDF,Kerala Congress (M),Cyriac Chazhikadan,സിറിയക് ചാഴിക്കാടൻ,,male,41,Two leaves,
26kla091,Idukki,LDF,Kerala Congress (M),Roshi Augustine,റോഷി അഗസ്റ്റിൻ,,male,56,Two leaves,https://mlatrack.com/15kla/profiles/key_functionaries/roshy_augustine_i
26kla092,Peerumade,LDF,CPI,K. Salim Kumar,കെ. സലിം കുമാർ,,male,58,Ears of Corn and Sickle,
26kla093,Pala,LDF,Kerala Congress (M),Jose K. Mani,ജോസ് കെ. മാണി,,male,61,Two leaves,
26kla094,Kaduthuruthy,LDF,Kerala Congress (M),Nirmala Jimmy,നിർമ്മല ജിമ്മി,,female,60,Two leaves,
26kla095,Vaikom,LDF,CPI,P. Pradeep,പി. പ്രദീപ്,,male,47,Ears of Corn and Sickle,
26kla096,Ettumanoor,LDF,CPI(M),V. N. Vasavan,വി. എൻ. വാസവൻ,,male,71,"Hammer, Sickle and Star",https://mlatrack.com/15kla/profiles/key_functionaries/vn_vasavan_e
26kla097,Kottayam,LDF,CPI(M),Adv. K. Anilkumar,അഡ്വ. കെ. അനിൽകുമാർ,,male,62,"Hammer, Sickle and Star",
26kla098,Puthuppally,LDF,CPI(M),K. M. Radhakrishnan,കെ. എം. രാധാകൃഷ്ണൻ,,male,65,"Hammer, Sickle and Star",
26kla099,Changanassery,LDF,Kerala Congress (M),Adv. Job Maichil,അഡ്വ. ജോബ് മൈക്കിൾ,,male,60,Two leaves,https://mlatrack.com/15kla/profiles/mlas/job_maichil_c
26kla100,Kanjirappally,LDF,Kerala Congress (M),Dr. N. Jayaraj,ഡോ. എൻ. ജയരാജ്,,male,70,Two leaves,https://mlatrack.com/15kla/profiles/key_functionaries/n_jayaraj_k
26kla1000,Taliparamba ,others,,Shyamala P,ശ്യാമള പി,26kla008,female,66,Dish Antenna,
26kla1001,Kuthuparamba ,others,,M. Shylaja,എം. ഷൈലജ,,female,45,Kettle,
26kla1002,Kalpetta ,others,,Sidheeque S/o Kunjammad,സിദ്ദീഖ്  S/O കുഞ്ഞമ്മദ് ,26kla159,male,64,TV Remote,
26kla1003,Parassala ,others,,Simiyon L P,സിമിയോൻ എൽ പി,,male,61,Bat,
26kla1004,Chathannoor ,others,Anna DHRM,Sindhu Puthenkulam,സിന്ധു പുത്തൻകുളം,,female,44,Flute,
26kla1005,Adoor ,others,BSP,Sivakumar C S,ശിവകുമാർ സി എസ്,,male,46,Elephant,
26kla1006,Manalur ,others,IGP,Sivaprasad Gandhi K M,ശിവപ്രസാദ് ഗാന്ധി കെ എം,,male,47,Diamond,
26kla1007,Tirur ,others,SP (I),Siyad Koodiyath,സിയാദ് കുടിയത്ത്,,male,39,Ship,
26kla1008,Kalamassery ,others,BSP,Siyad V A,സിയാദ് വി എ,,male,45,Elephant,
26kla1009,Balussery,others,,Sooraj K S/o Asokan,സൂരജ് കെ S/O അശോകൻ,26kla165,male,29,Diamond,
26kla101,Poonjar,LDF,Kerala Congress (M),Adv. Sebastian Kulathunkal,അഡ്വ. സെബാസ്റ്റ്യൻ കുളത്തുങ്കൽ,,male,60,Two leaves,https://mlatrack.com/15kla/profiles/mlas/sebastian_kulathunkal_p
26kla1010,Haripad ,others,,Soumya V.Sasidharan,സൗമ്യ വി. ശശിധരൻ,,female,34,Air Conditioner,
26kla1011,Malappuram ,others,,Sreedharan,ശ്രീധരൻ,,male,66,Bangles,
26kla1012,Ranni ,others,,Sreehari K P,ശ്രീഹരി കെ പി,,male,33,Grapes,
26kla1013,Kazhakoottam ,others,,Sreekantan Nair V.,ശ്രീകണ്ഠൻ നായർ വി.,,male,56,Air Conditioner,
26kla1014,Vattiyoorkavu ,others,,Sreekantan Nair V,ശ്രീകാന്തൻ നായർ വി,,male,56,Television,
26kla1015,Parassala ,others,,S Robinson E Nadar,എസ് റോബിൻസൻ ഇ നാടാർ,,male,52,Battery Torch,
26kla1016,Attingal ,others,BSP,S. Sujithra,എസ്. സുജിത്ര,,female,40,Elephant,
26kla1017,Nemom ,others,TFIP,Subi S M,സുബി എം,,male,41,Batsman,
26kla1018,Wadakkanchery ,others,BSP,Subramanian Penakam,സുബ്രഹ്മണ്യൻ പേനകം,,male,70,Elephant,
26kla1019,Angamaly ,others,,Subran,സുബ്രൻ,,male,59,Colour Tray and Brush,
26kla102,Aroor,LDF,CPI(M),Daleema Jojo,ദലീമ ജോജൊ,,female,60,"Hammer, Sickle and Star",https://mlatrack.com/15kla/profiles/mlas/daleema_jojo_a
26kla1020,Nedumangad ,others,BSP,Sujilal B G,സുജിലാൽ ബി ജി,,male,43,Elephant,
26kla1021,Manalur ,others,,Sujith,സുജിത്ത്,,male,39,Belt,
26kla1022,Vaikom ,others,BSP,Sumam P S,സുമം പി എസ്,,female,57,Elephant,
26kla1023,Chittur ,others,,Sumesh C,സുമേഷ് സി,26kla198,male,31,Robot,
26kla1024,Azhikode ,others,,Sumesh Kumar. K,സുമേഷ് കുമാർ. കെ,26kla010,male,39,Belt,
26kla1025,Azhikode ,others,,Sumesh. T. P,സുമേഷ്. ടി. പി,26kla010,male,49,Ring,
26kla1026,Koduvally ,others,RPI (A),Sunil Mannath,സുനിൽ മന്നത്ത്,,male,46,Ganna Kisan,
26kla1027,Attingal ,others,Anna DHRM,Sunitha Kilimanoor,സുനിത കിളിമാനൂർ,,female,42,Flute,
26kla1028,Peravoor ,others,,Sunny,സണ്ണി,26kla156,male,67,Fountain,
26kla1029,Peravoor ,others,,Sunny Joseph Muthukulathel,സണ്ണി ജോസഫ് മുതുകുളത്തേൽ,26kla156,male,59,Frock,
26kla103,Cherthala,LDF,CPI,P. Prasad,പി. പ്രസാദ്,,male,57,Ears of Corn and Sickle,https://mlatrack.com/15kla/profiles/key_functionaries/p_prasad_c
26kla1030,Angamaly ,others,,Suphil Sebastian,സുഫിൽ സെബാസ്റ്റിൻ,,male,53,Helmet,
26kla1031,Neyyattinkara ,others,BSP,Surendranathan. K,സുരേന്ദ്രനാഥ്. കെ,,male,63,Elephant,
26kla1032,Kottarakkara ,others,EPI,G Suresh,ജി സുരേഷ്,,male,53,Television,
26kla1033,Thiruvananthapuram ,others,,Suresh Kumar,സുരേഷ് കുമാർ,,male,57,Television,
26kla1034,Kannur ,others,BJKP,Suresh Kumar,സുരേഷ് കുമാർ,,male,59,Diamond,
26kla1035,Mavelikkara ,others,API,Suresh Nooranad,സുരേഷ് നൂറനാട്,,male,45,Coat,
26kla1036,Piravom ,others,SUCI,T C Ramanan,ടി സി രമണൻ,,male,59,Table,
26kla1037,Vypeen ,others,CPIML Red Star,T. C. Subrahmanyan,ടി. സി. സുബ്രഹമണ്യൻ,,male,63,Gas Cylinder,
26kla1038,Kanjirappally ,others,BSP,Thampi Kavumpadam,തമ്പി കാവുംപാടം,,male,63,Elephant,
26kla1039,Irinjalakuda ,others,BSP,Thankamany Tharayil,തങ്കമണി തറയിൽ,,female,68,Elephant,
26kla104,Alappuzha,LDF,CPI(M),P. P. Chitharanjan,പി. പി. ചിത്തരഞ്ജൻ,,male,63,"Hammer, Sickle and Star",https://mlatrack.com/15kla/profiles/mlas/p_p_chitharanjan_a
26kla1040,Thiruvalla ,others,,Thomas Mammen,തോമസ്സ് മാമ്മൻ,26kla251,male,66,Road roller,
26kla1041,Taliparamba ,UDF,Independent (INC Support),T K Govindan Master,ടി കെ ഗോവിന്ദൻ മാസ്റ്റർ,,male,75,Gas Cylinder,
26kla1042,Kannur ,others,,T.K. Mohanan,ടി.കെ. മോഹനൻ,26kla151,male,64,Bat,
26kla1043,Kalpetta ,others,,T K Ummer,ടി കെ ഉമ്മർ,,male,62,Television,
26kla1044,Vaikom ,others,SUCI,T M Bose,ടി എം ബോസ്,,male,62,Battery Torch,
26kla1045,Perambra ,others,,T.M Ramakrishnan,ടി. എം. രാമകൃഷ്ണൻ,26kla024,male,72,Television,
26kla1046,Kazhakoottam ,others,BSP,T. S. Rajan,ടി. എസ്. രാജൻ,,male,62,Elephant,
26kla1047,Thrithala ,others,,T T Balaraman,ടി ടി ബാലരാമൻ,26kla189,male,63,Diamond,
26kla1048,Karunagapally ,others,SUCI,Twinkle Prabhakaran,ട്വിങ്കിൾ പ്രഭാകരൻ,,female,49,Battery Torch,
26kla1049,Thripunithura ,others,,Unnikrishnan K N,ഉണ്ണികൃഷ്ണൻ കെ എൻ,26kla081,male,39,Dish Antenna,
26kla105,Ambalappuzha,LDF,CPI(M),H. Salam,എച്ച്. സലാം,,male,53,"Hammer, Sickle and Star",https://mlatrack.com/15kla/profiles/mlas/h_salam_a
26kla1050,Vengara ,others,,U.P. Shaji,യു. പി. ഷാജി ഉള്ളാട്ടുപറമ്പിൽ,26kla181,male,45,Bucket,
26kla1051,Changanassery ,others,BSP,Usha Johnson,ഉഷാ ജോൺസൺ,,female,55,Elephant,
26kla1052,Tirur ,LDF,CPI(M),V. Abdurahiman,വി. അബ്ദുറഹ്മാൻ,,male,63,"Hammer, Sickle and Star",https://mlatrack.com/15kla/profiles/key_functionaries/v_abdurahiman_t
26kla1053,Dharmadom ,others,,Vadi Hareendran,വാദി ഹരീന്ദ്രൻ,,male,64,Gas Cylinder,
26kla1054,Sulthan Bathery ,others,SUCI,V.A Ramesan,വി. എ രമേശൻ,,male,47,Battery Torch,
26kla1055,Nadapuram ,others,,Vasantha,വസന്ത,26kla022,female,54,Boat with man and Sail,
26kla1056,Aroor ,others,BDP,Vayalar Rajeevan,വയലാർ രാജീവൻ,,male,53,Gas Cylinder,
26kla1057,Kunnathunad ,others,,Vazhakulam Bhasi,വാഴക്കുളം ഭാസി,,male,60,Battery Torch,
26kla1058,Nedumangad ,others,,Vembayam Yesudas,വെമ്പായം യേശുദാസ്,,male,66,Gas Cylinder,
26kla1059,Kovalam ,others,,Venganoor Ashokan,വെങ്ങാനൂർ അശോകൻ,,male,68,Gas Cylinder,
26kla106,Kuttanad,LDF,NCP(SP),Thomas K. Thomas,തോമസ് കെ. തോമസ്,,male,68,Man blowing Turha,https://mlatrack.com/15kla/profiles/mlas/thomas_k_thomas_k
26kla1060,Peravoor ,others,,Venugopalan. C,വേണുഗോപാലൻ. സി.,,male,78,Air Conditioner,
26kla1061,Haripad ,others,SUCI,Vidhya V.P,വിദ്യ വി.പി.,,female,27,Battery Torch,
26kla1062,Kanhangad ,others,BSP,B. Vijayakumar,ബി. വിജയകുമാർ,,male,54,Elephant,
26kla1063,Dharmadom ,others,,Vijayan A.M S/o Kunhiraman,വിജയൻ എ.എം  S/O കുഞ്ഞിരാമൻ ,26kla012,male,62,Gramaphone,
26kla1064,Varkala ,others,Anna DHRM,Vinod Elakamon,വിനോദ് ഇലകമോൻ,,male,45,Flute,
26kla1065,Aroor ,others,,Vipin,വിപിൻ,,male,36,Television,
26kla1066,Pathanapuram ,others,BSP,Vipinkumar V,വിപിൻകുമാർ വി,,male,36,Elephant,
26kla1067,Vamanapuram ,others,BSP,Vipinlal V A,വിപിൻലാൽ വി എ,,male,38,Elephant,
26kla1068,Varkala ,others,,Vivekanandan K,വിവേകാനന്ദൻ കെ,,male,78,Ring,
26kla1069,Elathur ,others,,V.K. Saseendran,വി.കെ. ശശീന്ദ്രൻ,26kla026,male,50,Boat with man and Sail,
26kla107,Haripad,LDF,CPI,T. T. Jismon,ടി. ടി. ജിസ്മോൻ,,male,44,Ears of Corn and Sickle,
26kla1070,Aruvikkara ,others,,V. S. Sivakumar S/o Sivadasan,വി. എസ്. ശിവകുമാർ S/O ശിവദാസൻ,26kla276,male,41,Lady Finger,
26kla1071,Kottarakkara ,others,BSP,Wilfred Zacharias,വിൽഫ്രഡ് സക്കറിയാസ്,,male,53,Elephant,
26kla1072,Thiruvalla ,others,,Zeen Thomas,സീൻ തോമസ്,,male,51,Water Tank,
26kla108,Kayamkulam,LDF,CPI(M),Adv. U. Prathibha,ആഡ്വ.യു. പ്രതിഭ,,female,48,"Hammer, Sickle and Star",https://mlatrack.com/15kla/profiles/mlas/u_prathibha_k
26kla109,Mavelikara,LDF,CPI(M),M. S. Arun Kumar,എം. എസ്. അരുൺ കുമാർ,,male,36,"Hammer, Sickle and Star",https://mlatrack.com/15kla/profiles/mlas/m_s_arun_kumar_m
26kla110,Chengannur,LDF,CPI(M),Saji Cherian,സജി ചെറിയാൻ,,male,60,"Hammer, Sickle and Star",https://mlatrack.com/15kla/profiles/key_functionaries/saji_cheriyan_c
26kla111,Thiruvalla,LDF,Indian Socialist Janata Dal,Mathew T. Thomas,മാത്യു ടി. തോമസ്,,male,64,Ring,https://mlatrack.com/15kla/profiles/mlas/mathew_t_thomas_t
26kla112,Ranni,LDF,Kerala Congress (M),Adv. Pramod Narayan,അഡ്വ. പ്രമോദ് നാരായൺ,,male,49,Two leaves,https://mlatrack.com/15kla/profiles/mlas/pramod_narayan_r
26kla113,Aranmula,LDF,CPI(M),Veena George,വീണാ ജോർജ്,,female,49,"Hammer, Sickle and Star",https://mlatrack.com/15kla/profiles/key_functionaries/veena_george_a
26kla114,Konni,LDF,CPI(M),Adv. K. U. Jenish Kumar,ആഡ്വ.കെ. യു. ജനീഷ് കുമാർ,,male,42,"Hammer, Sickle and Star",https://mlatrack.com/15kla/profiles/mlas/k_u_jenish_kumar_k
26kla115,Adoor,LDF,CPI,Priji Sasidharan,പ്രിജി ശശിധരൻ,,female,31,Ears of Corn and Sickle,
26kla116,Karunagappally,LDF,CPI,Adv.M.S. Thara,അഡ്വ. എം. എസ്. താര,,female,51,Ears of Corn and Sickle,
26kla117,Chavara,LDF,Independent (CPI(M) support),Dr. Sujith Vijayanpillai,ഡോ. സുജിത്ത് വിജയൻപിള്ള,,male,48,Telephone,https://mlatrack.com/15kla/profiles/mlas/sujith_vijayanpilla_c
26kla118,Kunnathur,LDF,RSP(L),Kovoor Kunjumon,കോവൂർ കുഞ്ഞുമോൻ,,male,58,Battery Torch,https://mlatrack.com/15kla/profiles/mlas/kovoor_kunjumon_k
26kla119,Kottarakkara,LDF,CPI(M),K. N. Balagopal,കെ. എൻ. ബാലഗോപാൽ,,male,62,"Hammer, Sickle and Star",https://mlatrack.com/15kla/profiles/key_functionaries/kn_balagopal_k
26kla120,Pathanapuram,LDF,Kerala Congress (B),K. B. Ganesh Kumar,കെ. ബി. ഗണേഷ് കുമാർ,,male,59,Television,https://mlatrack.com/15kla/profiles/key_functionaries/k_b_ganesh_kumar_p
26kla121,Punalur,LDF,CPI,C. Ajaya Prasad,സി. അജയ പ്രസാദ്,,male,59,Ears of Corn and Sickle,
26kla122,Chadayamangalam,LDF,CPI,J. Chinchu Rani,ജെ. ചിഞ്ചു റാണി,,female,63,Ears of Corn and Sickle,https://mlatrack.com/15kla/profiles/key_functionaries/j_chinchu_rani_c
26kla123,Kundara,LDF,CPI(M),S. L. Sajikumar,എസ്. എൽ. സജികുമാർ,,male,57,"Hammer, Sickle and Star",
26kla124,Kollam,LDF,CPI(M),S. Jayamohan,എസ്. ജയമോഹൻ,,male,66,"Hammer, Sickle and Star",
26kla125,Eravipuram,LDF,CPI(M),M. Noushad,എം. നൗഷാദ്,,male,61,"Hammer, Sickle and Star",https://mlatrack.com/15kla/profiles/mlas/m_noushad_e
26kla126,Chathannoor,LDF,CPI,Adv. R.Rajendran,അഡ്വ. ആർ. രാജേന്ദ്രൻ,,male,68,Ears of Corn and Sickle,
26kla127,Varkala,LDF,CPI(M),Adv. V Joy,അഡ്വ. വി. ജോയ്,,male,60,"Hammer, Sickle and Star",https://mlatrack.com/15kla/profiles/mlas/v_joy_v
26kla128,Attingal,LDF,CPI(M),O. S. Ambika,ഒ. എസ്. അംബിക,,female,59,"Hammer, Sickle and Star",https://mlatrack.com/15kla/profiles/mlas/o_s_ambika_a
26kla129,Chirayinkeezhu,LDF,CPI,Manoj B Edamana,മനോജ് ബി. എടമന,,male,55,Ears of Corn and Sickle,
26kla130,Nedumangad,LDF,CPI,G. R. Anil,ജി. ആർ. അനിൽ,,male,63,Ears of Corn and Sickle,https://mlatrack.com/15kla/profiles/key_functionaries/g_r_anil_n
26kla131,Vamanapuram,LDF,CPI(M),D. K. Murali,ഡി. കെ. മുരളിധരൻ നായർ,,male,64,"Hammer, Sickle and Star",https://mlatrack.com/15kla/profiles/mlas/d_k_murali_v
26kla132,Kazhakkoottam,LDF,CPI(M),Kadakampally Surendran,കടകംപള്ളി സുരേന്ദ്രൻ,,male,73,"Hammer, Sickle and Star",https://mlatrack.com/15kla/profiles/mlas/kadakampally_surendran_k
26kla133,Vattiyoorkavu,LDF,CPI(M),Adv. V.K Prasanth,അഡ്വ. വി. കെ. പ്രശാന്ത്,,male,44,"Hammer, Sickle and Star",https://mlatrack.com/15kla/profiles/mlas/v_k_prasanth_v
26kla134,Thiruvananthapuram,LDF,Independent (CPI(M) support),Sudheer Karamana,സുധീർ കരമന,,male,56,Camera,
26kla135,Nemom,LDF,CPI(M),V. Shivankutty,വി. ശിവൻകുട്ടി,,male,71,"Hammer, Sickle and Star",https://mlatrack.com/15kla/profiles/key_functionaries/v_sivankutty_n
26kla136,Aruvikkara,LDF,CPI(M),Adv. G. Steephen,അഡ്വ. ജി. സ്റ്റീഫൻ,,male,56,"Hammer, Sickle and Star",https://mlatrack.com/15kla/profiles/mlas/g_stephen_a
26kla137,Parassala,LDF,CPI(M),C. K. Hareendran,സി. കെ. ഹരീന്ദ്രൻ,,male,69,"Hammer, Sickle and Star",https://mlatrack.com/15kla/profiles/mlas/c_k_hareendran_p
26kla138,Kattakkada,LDF,CPI(M),Adv. I. B. Satheesh,അഡ്വ. ഐ. ബി. സതീഷ്,,male,55,"Hammer, Sickle and Star",https://mlatrack.com/15kla/profiles/mlas/i_b_sathish_k
26kla139,Kovalam,LDF,Independent (CPI(M) support),Bhagat Rufus,ഭഗത് റൂഫസ്,,male,36,Grapes,
26kla140,Neyyattinkara,LDF,CPI(M),K. Ansalan,കെ. ആൻസലൻ,,male,59,"Hammer, Sickle and Star",https://mlatrack.com/15kla/profiles/mlas/k_ansalan_n
26kla141,Manjeshwaram,UDF,IUML,A. K. M. Ashraf,എ. കെ. എം. അഷ്റഫ്,,male,48,Ladder,https://mlatrack.com/15kla/profiles/mlas/a_k_m_ashraf_m
26kla142,Kasaragod,UDF,IUML,Kallatra Mahin Haji,കല്ലട്ര മാഹിൻ ഹാജി,,male,62,Ladder,
26kla143,Udma,UDF,INC,Neelakantan,നീലകണ്ഠൻ,,male,62,Hand,
26kla144,Kanhangad,UDF,KEC,Shyji Ottapalli,ഷൈജി ഒറ്റപ്പള്ളി,,male,53,Auto Rikshaw,
26kla145,Thrikaripur,UDF,INC,Sandeep Varier,സന്ദീപ് വാര്യർ,,male,44,Hand,
26kla146,Payyanur,UDF,Independent (RSP support),V. Kunjikrishnan,വി. കുഞ്ഞികൃഷ്ണൻ,,male,74,Electric Pole,
26kla147,Kalliasseri,UDF,INC,Adv. Rajeevan Kappacheri,അഡ്വ. രാജീവൻ കപ്പച്ചേരി,,male,57,Hand,
26kla148,Taliparamba,others,,T. K. Govindan,ടി. കെ. ഗോവിന്ദൻ,26kla1041,male,71,Battery Torch,
26kla149,Irikkur,UDF,INC,Adv. Sajeev Joseph,അഡ്വ. സജീവ് ജോസഫ്,,male,53,Hand,https://mlatrack.com/15kla/profiles/mlas/sajeev_joseph_i
26kla150,Azhikode,UDF,IUML,Adv.  Kareem Cheleri,അഡ്വ. കരീം ചേലേരി,,male,63,Ladder,
26kla151,Kannur,UDF,INC,Adv. T. O. Mohanan,അഡ്വ. ടി. ഒ. മോഹനൻ,,male,60,Hand,
26kla152,Dharmadom,UDF,INC,Adv. V.P Abdul Rasheed,അഡ്വ. വി. പി. അബ്ദുൾ റഷീദ് ,,male,36,Hand,
26kla153,Thalassery,UDF,INC,K. P. Saju,കെ. പി. സാജു,,male,58,Hand,
26kla154,Kuthuparamba,UDF,IUML,Jayanthi Rajan,ജയന്തി രാജൻ,,female,46,Ladder,
26kla155,Mattanur,UDF,INC,Chandran Thillankeri,ചന്ദ്രൻ തില്ലങ്കേരി,,male,57,Hand,
26kla156,Peravoor,UDF,INC,Adv. Sunny Joseph,അഡ്വ. സണ്ണി ജോസഫ്,,male,73,Hand,https://mlatrack.com/15kla/profiles/mlas/sunny_joseph_p
26kla157,Mananthavady,UDF,INC,Usha M A,ഉഷ എം. എ,,female,46,Hand,
26kla158,Sulthan Bathery,UDF,INC,I. C. Balakrishnan,ഐ. സി. ബാലകൃഷ്ണൻ,,male,50,Hand,https://mlatrack.com/15kla/profiles/mlas/i_c_balakrishnan_s
26kla159,Kalpetta,UDF,INC,T. Siddique,ടി. സിദ്ദിഖ്,,male,51,Hand,https://mlatrack.com/15kla/profiles/mlas/t_siddique_k
26kla160,Vatakara,UDF,RMPI,K. K. Rema,കെ. കെ. രമ,,female,55,Television,https://mlatrack.com/15kla/profiles/mlas/k_k_rema_v
26kla161,Kuttiady,UDF,IUML,Parakkal Abdulla,പാറക്കൽ അബ്ദുള്ള,,male,68,Ladder,
26kla162,Nadapuram,UDF,INC,K. M. Abhijith,കെ. എം. അഭിജിത്ത്,,male,31,Hand,
26kla163,Koyilandy,UDF,INC,K. Praveen Kumar,കെ. പ്രവീൺ കുമാർ,,male,56,Hand,
26kla164,Perambra,UDF,IUML,Adv. Fathima Thahiliya,അഡ്വ. ഫാത്തിമ തഹ്‌ലിയ,,female,34,Ladder,
26kla165,Balussery,UDF,INC,V. T. Sooraj,വി. ടി. സൂരജ്,,male,30,Hand,
26kla166,Elathur,UDF,INC,Adv. Vidya Balakrishnan,അഡ്വ. വിദ്യ ബാലകൃഷ്ണൻ,,female,40,Hand,
26kla167,Kozhikode North,UDF,INC,Adv. K Jayanth,അഡ്വ. കെ. ജയന്ത്,,male,53,Hand,
26kla168,Kozhikode South,UDF,IUML,Adv. Fyzal Babu,അഡ്വ. ഫൈസൽ ബാബു,,male,47,Ladder,
26kla169,Beypore,UDF,AITC,P. V. Anvar,പി. വി. അൻവർ,,male,58,Gas Cylinder,
26kla170,Kunnamangalam,UDF,IUML,M. A. Razak Master,എം. എ. റസാഖ് മാസ്റ്റർ,,male,68,Ladder,
26kla171,Koduvally,UDF,IUML,P. K. Firos,പി. കെ. ഫിറോസ്,,male,46,Ladder,
26kla172,Thiruvambady,UDF,IUML,C. K. Kasim,സി. കെ. കാസിം,,male,59,Ladder,
26kla173,Kondotty,UDF,IUML,T. P. Ashrafali,ടി. പി. അഷ്റഫലി,,male,43,Ladder,
26kla174,Eranad,UDF,IUML,P. K. Basheer,പി. കെ. ബഷീർ,,male,66,Ladder,https://mlatrack.com/15kla/profiles/mlas/p_k_basheer_e
26kla175,Nilambur,UDF,INC,Aryadan Shoukath,ആര്യാടൻ ഷൗക്കത്ത്,,male,61,Hand,https://mlatrack.com/15kla/profiles/mlas/aryadan_shoukath_n
26kla176,Wandoor,UDF,INC,A. P. Anil Kumar,എ. പി. അനിൽ കുമാർ,,male,61,Hand,https://mlatrack.com/15kla/profiles/mlas/a_p_anilkumar_w
26kla177,Manjeri,UDF,IUML,Adv. M. Rahmathulla,അഡ്വ. എം. റഹ്മത്തുള്ള,,male,65,Ladder,
26kla178,Perinthalmanna,UDF,IUML,Najeeb Kanthapuram,നജീബ് കാന്തപുരം,,male,50,Ladder,https://mlatrack.com/15kla/profiles/mlas/najeeb_kanthapuram_p
26kla179,Mankada,UDF,IUML,Manjalamkuzhi Ali,മഞ്ഞളാംകുഴി അലി,,male,73,Ladder,https://mlatrack.com/15kla/profiles/mlas/manjalamkuzhi_ali_m
26kla180,Malappuram,UDF,IUML,P. K. Kunhalikutty,പി. കെ. കുഞ്ഞാലിക്കുട്ടി,,male,74,Ladder,https://mlatrack.com/15kla/profiles/key_functionaries/p_k_kunhalikutty_v
26kla181,Vengara,UDF,IUML,K. M. Shaji,കെ. എം. ഷാജി,,male,55,Ladder,
26kla182,Vallikkunnu,UDF,IUML,T. V. Ibrahim,ടി. വി. ഇബ്രാഹിം,,male,65,Ladder,https://mlatrack.com/15kla/profiles/mlas/t_v_ibrahim_k
26kla183,Tirurangadi,UDF,IUML,P. M. A. Sameer,പി. എം. എ. സമീർ,,male,47,Ladder,
26kla184,Thanur,UDF,IUML,P. K. Navas,പി. കെ. നവാസ്,,male,36,Ladder,
26kla185,Tirur,UDF,IUML,Kurukkoli Moideen,കുറുക്കോളി മൊയ്തീൻ,,male,66,Ladder,https://mlatrack.com/15kla/profiles/mlas/kurukkoli_moideen_t
26kla186,Kottakkal,UDF,IUML,Prof. K. K. Abid Hussain Thangal,പ്രൊ. കെ. കെ. ആബിദ് ഹുസൈൻ തങ്ങൾ,,male,65,Ladder,https://mlatrack.com/15kla/profiles/mlas/k_k_abid_hussain_thangal_k
26kla187,Thavanur,UDF,INC,Adv. V S Joy,അഡ്വ. വി. എസ്. ജോയ്,,male,40,Hand,
26kla188,Ponnani,UDF,INC,K. P. Noushad Ali,കെ. പി. നൗഷാദ് അലി,,male,47,Hand,
26kla189,Thrithala,UDF,INC,V. T. Balram,വി. ടി. ബൽറാം,,male,47,Hand,
26kla190,Pattambi,UDF,INC,T. P. Shaji,ടി. പി. ഷാജി,,male,56,Hand,
26kla191,Shornur,UDF,INC,P. Harigovindan,പി. ഹരിഗോവിന്ദൻ,,male,63,Hand,
26kla192,Ottapalam,UDF,Independent (INC Support),P. K. Sasi,പി. കെ. ശശി,,male,69,Coconut Farm,
26kla193,Kongad,UDF,INC,K. A. Thulasi,കെ. എ. തുളസി,,female,52,Hand,
26kla194,Mannarkkad,UDF,IUML,Adv. N. Samsudheen,അഡ്വ. എൻ. ഷംസുദ്ദീൻ,,male,56,Ladder,https://mlatrack.com/15kla/profiles/mlas/n_samsudheen_m
26kla195,Malampuzha,UDF,INC,A. Suresh,എ. സുരേഷ്,,male,52,Hand,
26kla196,Palakkad,UDF,INC,Ramesh Pisharody,രമേഷ് പിഷാരടി,,male,45,Hand,
26kla197,Tarur,UDF,INC,K. C. Subramanian,കെ. സി. സുബ്രഹ്മണ്യൻ,,male,56,Hand,
26kla198,Chittur,UDF,INC,Adv. Sumesh Achuthan,അഡ്വ. സുമേഷ് അച്യുതൻ,,male,50,Hand,
26kla199,Nenmara,UDF,INC,A. Thankappan,എ. തങ്കപ്പൻ,,male,67,Hand,
26kla200,Alathur,UDF,INC,K. M. Febin,കെ. എം. ഫെബിൻ,,male,43,Hand,
26kla201,Chelakkara,UDF,Independent (IUML Support),Sivan Veettikkunnu,ശിവൻ വീട്ടിക്കുന്ന്,,male,47,Gas Cylinder,
26kla202,Kunnamkulam,UDF,INC,P. T. Ajayamohan,പി. ടി. അജയമോഹൻ,,male,60,Hand,
26kla203,Guruvayur,UDF,IUML,C. H. Rasheed,സി. എച്ച്. റഷീദ്,,male,63,Ladder,
26kla204,Manalur,UDF,INC,T. N. Prathapan,ടി. എൻ. പ്രതാപൻ,,male,65,Hand,
26kla205,Wadakkanchery,UDF,INC,P N Vaisakh,പി. എൻ. വൈശാഖ്,,male,38,Hand,
26kla206,Ollur,UDF,INC,Adv. Shaji J Kodankandath,അഡ്വ. ഷാജി കോടങ്കണ്ടത്ത്,,male,55,Hand,
26kla207,Thrissur,UDF,INC,Rajan Pallan,രാജൻ പല്ലൻ,,male,63,Hand,
26kla208,Nattika,UDF,INC,Adv. Sunil Lalur,ആഡ്വ.സുനിൽ ലാലൂർ,,male,45,Hand,
26kla209,Kaipamangalam,UDF,INC,T. M. Nazar,ടി. എം. നാസർ,,male,64,Hand,
26kla210,Irinjalakuda,UDF,KEC,Adv. Thomas Unniyadan,അഡ്വ. തോമസ് ഉണ്ണിയാടൻ,,male,67,Auto Rikshaw,
26kla211,Puthukkad,UDF,INC,K. M. Babu Raj,കെ. എം. ബാബുരാജ്,,male,64,Hand,
26kla212,Chalakudy,UDF,INC,T. J. Saneesh Kumar Joseph,ടി. ജെ. സനീഷ് കുമാർ ജോസഫ്,,male,47,Hand,https://mlatrack.com/15kla/profiles/mlas/t_j_saneesh_kumar_joseph_c
26kla213,Kodungallur,UDF,INC,Adv. O J Janeesh,അഡ്വ. ഒ. ജെ. ജനീഷ്,,male,37,Hand,
26kla214,Perumbavoor,UDF,INC,Manoj Moothedan,മനോജ് മൂത്തേടൻ,,male,48,Hand,
26kla215,Angamaly,UDF,INC,Roji M. John,റോജി എം. ജോൺ,,male,43,Hand,https://mlatrack.com/15kla/profiles/mlas/roji_mullanmadakkal_john_a
26kla216,Aluva,UDF,INC,Anwar Sadath,അൻവർ സാദത്ത്,,male,51,Hand,https://mlatrack.com/15kla/profiles/mlas/anwar_sadath_a
26kla217,Kalamassery,UDF,IUML,Adv. V. E. Abdul Gafoor,അഡ്വ. വി. ഇ. അബ്ദുൾ ഗഫൂർ,,male,49,Ladder,
26kla218,Paravur,UDF,INC,Adv. V. D. Satheesan,അഡ്വ. വി. ഡി. സതീശൻ,,male,61,Hand,https://mlatrack.com/15kla/profiles/key_functionaries/v_d_satheesan_p
26kla219,Vypin,UDF,INC,Tony Chammany,ടോണി ചമ്മിണി,,male,56,Hand,
26kla220,Kochi,UDF,INC,Mohammed Shiyas,മുഹമ്മദ് ഷിയാസ്,,male,49,Hand,
26kla221,Thrippunithura,UDF,INC,Deepak Joy,ദീപക് ജോയ്,,male,42,Hand,
26kla222,Ernakulam,UDF,INC,T. J. Vinod,ടി. ജെ. വിനോദ്,,male,63,Hand,https://mlatrack.com/15kla/profiles/mlas/t_j_vinod_e
26kla223,Thrikkakara,UDF,INC,Uma Thomas,ഉമാ തോമസ്,,female,60,Hand,https://mlatrack.com/15kla/profiles/mlas/uma_thomas_t
26kla224,Kunnathunad,UDF,INC,V. P. Sajeendran,വി. പി. സജീന്ദ്രൻ,,male,56,Hand,
26kla225,Piravom,UDF,KC(J),Anoop Jacob,അനൂപ് ജേക്കബ്,,male,48,Coconut Farm,https://mlatrack.com/15kla/profiles/mlas/anoop_jacob_p
26kla226,Muvattupuzha,UDF,INC,Dr. Mathew Kuzhalnadan,ഡോ. മാത്യു കുഴൽനാടൻ,,male,48,Hand,https://mlatrack.com/15kla/profiles/mlas/mathew_kuzhalnadan_m
26kla227,Kothamangalam,UDF,KEC,Shibu Thekkumpuram,ഷിബു തെക്കുംപുറം,,male,60,Auto Rikshaw,
26kla228,Devikulam,UDF,INC,F. Raja,എഫ്. രാജ,,male,51,Hand,
26kla229,Udumbanchola,UDF,INC,Adv. Senapathi Venu,അഡ്വ. സേനാപതി വേണു,,male,60,Hand,
26kla230,Thodupuzha,UDF,KEC,Apu John Joseph,അപു ജോൺ ജോസഫ്,,male,53,Auto Rikshaw,
26kla231,Idukki,UDF,INC,Roy K. Paulose,റോയ് കെ. പൗലോസ്,,male,69,Hand,
26kla232,Peerumade,UDF,INC,Adv. Syriac Thomas,അഡ്വ. സിറിയക് തോമസ്,,male,60,Hand,
26kla233,Pala,UDF,DCK,Mani C. Kappan,മാണി സി. കാപ്പൻ,,male,69,Truck,https://mlatrack.com/15kla/profiles/mlas/mani_c_kappan_p
26kla234,Kaduthuruthy,UDF,KEC,Adv. Mons Joseph,അഡ്വ. മോൻസ് ജോസഫ്,,male,61,Auto Rikshaw,https://mlatrack.com/15kla/profiles/mlas/mons_joseph_k
26kla235,Vaikom,UDF,INC,K. Binimon,കെ. ബിനിമോൻ,,male,46,Hand,
26kla236,Ettumanoor,UDF,INC,Nattakam Suresh,നാട്ടകം സുരേഷ്,,male,57,Hand,
26kla237,Kottayam,UDF,INC,Thiruvanchoor Radhakrishnan,തിരുവഞ്ചൂർ രാധാകൃഷ്ണൻ,,male,78,Hand,https://mlatrack.com/15kla/profiles/mlas/thiruvanchoor_radhakrishnan_k
26kla238,Puthuppally,UDF,INC,Adv. Chandy Oommen,അഡ്വ. ചാണ്ടി ഉമ്മൻ,,male,40,Hand,https://mlatrack.com/15kla/profiles/mlas/chandy_oommen_p
26kla239,Changanassery,UDF,KEC,Vinu Job,വിനു ജോബ്,,male,58,Auto Rikshaw,
26kla240,Kanjirappally,UDF,INC,Prof. Rony K. Baby,പ്രൊഫ. റോണി കെ. ബേബി,,male,48,Hand,
26kla241,Poonjar,UDF,INC,Adv. Sebastian M.J,അഡ്വ. സെബാസ്റ്റ്യൻ എം. ജെ.,,male,57,Hand,
26kla242,Aroor,UDF,INC,Adv. Shanimol Osman,അഡ്വ. ഷാനിമോൾ ഉസ്മാൻ,,female,59,Hand,
26kla243,Cherthala,UDF,INC,K. R. Rajendra Prasad,കെ. ആർ. രാജേന്ദ്ര പ്രസാദ്,,male,73,Hand,
26kla244,Alappuzha,UDF,INC,A. D. Thomas,എ. ഡി. തോമസ്,,male,30,Hand,
26kla245,Ambalappuzha,UDF,Independent (INC Support),G. Sudhakaran,ജി. സുധാകരൻ,,male,78,Coconut Farm,
26kla246,Kuttanad,UDF,KEC,Reji Cheriyan,റെജി ചെറിയാൻ,,male,58,Auto Rikshaw,
26kla247,Haripad,UDF,INC,Ramesh Chennithala,രമേശ് ചെന്നിത്തല,,male,69,Hand,https://mlatrack.com/15kla/profiles/mlas/ramesh_chennithala_h
26kla248,Kayamkulam,UDF,INC,Adv. M. Liju,അഡ്വ. എം. ലിജു,,male,46,Hand,
26kla249,Mavelikara,UDF,INC,Adv. Muthara Raj,അഡ്വ. മുത്തര രാജ്,,female,28,Hand,
26kla250,Chengannur,UDF,INC,Adv. Abi Kuriakose,അഡ്വ. എബി കുര്യാക്കോസ്,,male,64,Hand,
26kla251,Thiruvalla,UDF,KEC,Adv. Varghese Mammen,അഡ്വ. വർഗീസ് മാമ്മൻ,,male,59,Auto Rikshaw,
26kla252,Ranni,UDF,INC,Adv. Pazhakulam Madhu,അഡ്വ. പഴകുളം മധു,,male,59,Hand,
26kla253,Aranmula,UDF,INC,Abin Varkey,അബിൻ വർക്കി,,male,36,Hand,
26kla254,Konni,UDF,INC,Prof Satheesh Kochuparambil,പ്രൊഫ. സതീഷ് കൊച്ചുപറമ്പിൽ,,male,65,Hand,
26kla255,Adoor,UDF,INC,Adv. C V  Santhakumar,അഡ്വ. സി.വി. ശാന്തകുമാർ,,male,46,Hand,
26kla256,Karunagappally,UDF,INC,C. R. Mahesh,സി. ആർ. മഹേഷ്,,male,46,Hand,https://mlatrack.com/15kla/profiles/mlas/c_r_mahesh_k
26kla257,Chavara,UDF,RSP,Shibu Baby John,ഷിബു ബേബി ജോൺ,,male,62,Spade and Stoker,
26kla258,Kunnathur,UDF,RSP,Ullas Kovoor,ഉല്ലാസ് കോവൂർ,,male,46,Spade and Stoker,
26kla259,Kottarakkara,UDF,INC,Adv. P. Aisha Potty,അഡ്വ. പി. ആയിഷ പോറ്റി,,female,67,Hand,
26kla260,Pathanapuram,UDF,INC,Jyothikumar chamakkala,ജ്യോതികുമാർ ചാമക്കാല,,male,53,Hand,
26kla261,Punalur,UDF,IUML,Noushad Yusuf,നൗഷാദ് യൂസഫ്,,male,55,Ladder,
26kla262,Chadayamangalam,UDF,INC,M. M. Naseer,എം. എം. നസീർ,,male,59,Hand,
26kla263,Kundara,UDF,INC,P. C. Vishnunadh,പി. സി. വിഷ്ണുനാഥ്,,male,47,Hand,https://mlatrack.com/15kla/profiles/mlas/p_c_vishnunath_k
26kla264,Kollam,UDF,INC,Adv. Bindhu Krishna,അഡ്വ. ബിന്ദു കൃഷ്ണ,,female,53,Hand,
26kla265,Eravipuram,UDF,RSP,Adv. Vishnu Mohan,അഡ്വ. വിഷ്ണു മോഹൻ,,male,39,Spade and Stoker,
26kla266,Chathannoor,UDF,INC,Sooraj Ravi,സൂരജ് രവി,,male,50,Hand,
26kla267,Varkala,UDF,INC,Varkala Kahar,വർക്കല കഹാർ,,male,75,Hand,
26kla268,Attingal,UDF,RSP,Santhosh Bhadran,സന്തോഷ് ഭദ്രൻ,,male,51,Spade and Stoker,
26kla269,Chirayinkeezhu,UDF,INC,Ramya Haridas,രമ്യ ഹരിദാസ്,,female,40,Hand,
26kla270,Nedumangad,UDF,INC,Meenankal Kumar,മീനാങ്കൽ കുമാർ,,male,52,Hand,
26kla271,Vamanapuram,UDF,INC,Sudheer Sha Palode,സുധീർ ഷാ പാലോട്,,male,39,Hand,
26kla272,Kazhakkoottam,UDF,INC,Adv.  T. Sarathchandra Prasad,അഡ്വ. ടി. ശരത് ചന്ദ്ര പ്രസാദ്,,male,68,Hand,
26kla273,Vattiyoorkavu,UDF,INC,K. Muraleedharan,കെ. മുരളീധരൻ,,male,69,Hand,
26kla274,Thiruvananthapuram,UDF,CMP,C. P. John,സി. പി. ജോൺ,,male,68,Ship,
26kla275,Nemom,UDF,INC,Adv. KS Sabarinathan,ആഡ്വ.കെ. എസ്. ശബരിനാഥൻ,,male,42,Hand,
26kla276,Aruvikkara,UDF,INC,V. S. Sivakumar,വി. എസ്. ശിവകുമാർ,,male,65,Hand,
26kla277,Parassala,UDF,INC,Neyyattinkara Sanal,നെയ്യാറ്റിൻകര സനൽ,,male,66,Hand,
26kla278,Kattakkada,UDF,INC,M. R. Baiju,എം. ആർ. ബൈജു,,male,51,Hand,
26kla279,Kovalam,UDF,INC,Adv. M. Vincent,അഡ്വ. എം. വിൻസെന്റ്,,male,57,Hand,https://mlatrack.com/15kla/profiles/mlas/m_vincent_k
26kla280,Neyyattinkara,UDF,INC,N. Sakthan,എൻ. ശക്തൻ,,male,75,Hand,
26kla281,Manjeshwaram,NDA,BJP,K. Surendran,കെ. സുരേന്ദ്രൻ,,male,56,Lotus,
26kla282,Kasaragod,NDA,BJP,Ashwini M.L.,അശ്വിനി എം. എൽ.,,female,40,Lotus,
26kla283,Udma,NDA,BJP,Manulal Meloth,മനുലാൽ മേലോത്ത്,,male,39,Lotus,
26kla284,Kanhangad,NDA,BJP,M. Balraj,എം. ബൽരാജ്,,male,58,Lotus,
26kla285,Thrikaripur,NDA,TTP,Ravi Kulangara,രവി കുളങ്ങര,,male,58,Jackfruit,
26kla286,Payyanur,NDA,BJP,A. P. Gangadharan,എ. പി. ഗംഗാധരൻ,,male,62,Lotus,
26kla287,Kalliasseri,NDA,BJP,A.V. Sanil Kumar,എ. വി. സനിൽ കുമാർ,,male,47,Lotus,
26kla288,Taliparamba,NDA,BJP,N. Haridas,എൻ. ഹരിദാസ്,,male,58,Lotus,
26kla289,Irikkur,NDA,TTP,Sreenath Padmanabhan,ശ്രീനാഥ് പത്മനാഭൻ,,male,34,Jackfruit,
26kla290,Azhikode,NDA,BJP,K. K. Vinod Kumar,കെ. കെ. വിനോദ് കുമാർ,,male,58,Lotus,
26kla291,Kannur,NDA,BJP,C. Raghunath,സി. രഘുനാഥ്,,male,69,Lotus,
26kla292,Dharmadom,NDA,BJP,K. Ranjith,കെ. രഞ്ജിത്ത്,,male,58,Lotus,
26kla293,Thalassery,NDA,BJP,O. Nidheesh,ഒ. നിധീഷ്,,male,42,Lotus,
26kla294,Kuthuparamba,NDA,BJP,Adv. Shijilal,അഡ്വ. ഷിജിലാൽ,,male,49,Lotus,
26kla295,Mattanur,NDA,BJP,Biju Elakkuzhi,ബിജു ഇളക്കുഴി,,male,46,Lotus,
26kla296,Peravoor,NDA,BDJS,Paily Vathiatt,പൈലി വാത്യാട്ട്,,male,71,Coconut Farm,
26kla297,Mananthavady,NDA,BJP,P. Shyam Raj,പി. ശ്യാം രാജ്,,male,37,Lotus,
26kla298,Sulthan Bathery,NDA,BJP,A. S. Kavitha,എ. എസ്. കവിത,,female,48,Lotus,
26kla299,Kalpetta,NDA,BJP,Prasanth Malavayal,പ്രശാന്ത് മലവയൽ,,male,42,Lotus,
26kla300,Vatakara,NDA,BJP,Adv. K. Dileep,ആഡ്വ.കെ. ദിലീപ്,,male,50,Lotus,
26kla301,Kuttiady,NDA,BJP,Ramadas Manaleri,രാമദാസ് മണലേരി,,male,56,Lotus,
26kla302,Nadapuram,NDA,BJP,C. P. Vipin Chandran,സി. പി. വിപിൻ ചന്ദ്രൻ,,male,37,Lotus,
26kla303,Koyilandy,NDA,BJP,C. R. Praphul Krishnan,സി. ആർ. പ്രഫുൽ കൃഷ്ണൻ,,male,40,Lotus,
26kla304,Perambra,NDA,BJP,M. Mohanan Master,എം. മോഹനൻ മാസ്റ്റർ,,male,62,Lotus,
26kla305,Balussery,NDA,BJP,C. P. Sateeshan,സി. പി. സതീശൻ,,male,46,Lotus,
26kla306,Elathur,NDA,BJP,T. Devadas,ടി. ദേവദാസ്,,male,56,Lotus,
26kla307,Kozhikode North,NDA,BJP,Navya Haridas,നവ്യ ഹരിദാസ്,,female,41,Lotus,
26kla308,Kozhikode South,NDA,BJP,T. Raneesh,ടി. രണീഷ്,,male,39,Lotus,
26kla309,Beypore,NDA,BJP,Adv. K. P. Prakash Babu,ആഡ്വ.കെ. പി. പ്രകാശ് ബാബു,,male,47,Lotus,
26kla310,Kunnamangalam,NDA,BJP,Adv. V. K. Sajeevan,അഡ്വ. വി. കെ. സജീവൻ,,male,50,Lotus,
26kla311,Koduvally,NDA,BDJS,Giri Pambanal,ഗിരി പാമ്പനാൽ,,male,51,Coconut Farm,
26kla312,Thiruvambady,NDA,TTP,Sunny Thomas,സണ്ണി തോമസ്,,male,64,Jackfruit,
26kla313,Kondotty,NDA,BJP,P. Subrahmanian,പി. സുബ്രഹ്മണ്യൻ,,male,55,Lotus,
26kla314,Eranad,NDA,BJP,Adv. N. Sreeprakash,അഡ്വ. എൻ. ശ്രീപ്രകാശ്,,male,56,Lotus,
26kla315,Nilambur,NDA,BDJS,Gireesh Mekkad,ഗിരീഷ് മേക്കാട്,,male,54,Coconut Farm,
26kla316,Wandoor,NDA,BJP (Independent),E. P. Kumaradas,ഇ. പി. കുമാരദാസ്,,male,70,Scissors,
26kla317,Manjeri,NDA,BJP,Pathmasree M.,പത്മശ്രീ. എം,,female,37,Lotus,
26kla318,Perinthalmanna,NDA,BJP,Adv. K.P. Baburaj,അഡ്വ. കെ. പി. ബാബുരാജ്,,male,61,Lotus,
26kla319,Mankada,NDA,BJP,Lijoy Paul,ലിജോയ് പോൾ,,male,51,Lotus,
26kla320,Malappuram,NDA,BJP,Ashwathy Gupatha Kumar,അശ്വതി ഗുപ്ത കുമാർ,,female,58,Lotus,
26kla321,Vengara,NDA,BJP,Jayakrishnan V.N.,ജയകൃഷ്ണൻ വി. എൻ.,,male,45,Lotus,
26kla322,Vallikkunnu,NDA,BJP,M. Preman Master,എം. പ്രേമൻ മാസ്റ്റർ,,male,62,Lotus,
26kla323,Tirurangadi,NDA,BJP,Riju C. Raghav,റിജു സി. രാഘവ്,,male,35,Lotus,
26kla324,Thanur,NDA,BJP,Deepa Puzhakkal,ദീപ പുഴയ്ക്കൽ,,female,54,Lotus,
26kla325,Tirur,NDA,BJP,K. Narayanan Master,കെ. നാരായണൻ മാസ്റ്റർ,,male,61,Lotus,
26kla326,Kottakkal,NDA,BDJS,Subrahmanian Chunkapally,സുബ്രഹ്മണ്യൻ ചുങ്കപ്പള്ളി,,male,72,Coconut Farm,
26kla327,Thavanur,NDA,BDJS,Ravi Thelath,രവി തേലത്ത്,,male,50,Lotus,
26kla328,Ponnani,NDA,BDJS,E. Maneesh,ഇ. മനീഷ്,,male,50,Coconut Farm,
26kla329,Thrithala,NDA,BJP,V. Unnikrishnan Master,വി. ഉണ്ണികൃഷ്ണൻ മാസ്റ്റർ,,male,61,Lotus,
26kla330,Pattambi,NDA,BJP,Adv. P. Manoj,അഡ്വ. പി. മനോജ്,,male,55,Lotus,
26kla331,Shornur,NDA,BJP,Adv. Sanku T. Das,ആഡ്വ. ശങ്കു ടി. ദാസ്,,male,36,Lotus,
26kla332,Ottapalam,NDA,BJP,Major Ravi,മേജർ രവി,,male,68,Lotus,
26kla333,Kongad,NDA,BJP,Renu Suresh,രേണു സുരേഷ്,,female,49,Lotus,
26kla334,Mannarkkad,NDA,BDJS,Isaac Varghese,ഐസക് വർഗീസ്,,male,55,Coconut Farm,
26kla335,Malampuzha,NDA,BJP,C. Krishnakumar,സി. കൃഷ്ണകുമാർ,,male,52,Lotus,
26kla336,Palakkad,NDA,BJP,Sobha Surendran,ശോഭ സുരേന്ദ്രൻ,,female,52,Lotus,
26kla337,Tarur,NDA,BJP,Suresh Babu,സുരേഷ് ബാബു,,male,41,Lotus,
26kla338,Chittur,NDA,BJP,Pranesh Rajendran,പ്രണേഷ് രാജേന്ദ്രൻ,,male,49,Lotus,
26kla339,Nenmara,NDA,BDJS,A. N. Anurag,എ. എൻ. അനുരാഗ്,,male,47,Coconut Farm,
26kla340,Alathur,NDA,BJP,K.V. Prasanna Kumar,കെ. വി. പ്രസന്ന കുമാർ,,male,46,Lotus,
26kla341,Chelakkara,NDA,BJP,K. Balakrishnan,കെ. ബാലകൃഷ്ണൻ,,male,50,Lotus,
26kla342,Kunnamkulam,NDA,BDJS,Rijil K. R.,റിജിൽ കെ. ആർ.,,male,44,Coconut Farm,
26kla343,Guruvayur,NDA,BJP,B. Gopalakrishnan,ബി. ഗോപാലകൃഷ്ണൻ,,male,64,Lotus,
26kla344,Manalur,NDA,BJP,K. K. Aneesh Kumar,കെ. കെ. അനീഷ് കുമാർ,,male,47,Lotus,
26kla345,Wadakkanchery,NDA,BJP,Adv. T.S. Ullas Babu,അഡ്വ. ടി. എസ്. ഉല്ലാസ് ബാബു,,male,44,Lotus,
26kla346,Ollur,NDA,BJP,Bijoy Thomas,ബിജോയ് തോമസ്,,male,52,Lotus,
26kla347,Thrissur,NDA,BJP,Padmaja Venugopal,പത്മജ വേണുഗോപാൽ,,female,65,Lotus,
26kla348,Nattika,NDA,BJP,C. C. Mukundan,സി. സി. മുകുന്ദൻ,,male,67,Lotus,https://mlatrack.com/15kla/profiles/mlas/c_c_mukundan_n
26kla349,Kaipamangalam,NDA,BDJS,Athulya Ghosh,അതുല്യഘോഷ്,,male,62,Coconut Farm,
26kla350,Irinjalakuda,NDA,BJP,Santhosh Cherkalam,സന്തോഷ് ചെർക്കളം,,male,61,Lotus,
26kla351,Puthukkad,NDA,BJP,A. Nagesh,എ. നാഗേഷ്,,male,57,Lotus,
26kla352,Chalakudy,NDA,TTP,Adv. Charlypaul,അഡ്വ. ചാർളി പോൾ,,male,62,Jackfruit,
26kla353,Kodungallur,NDA,TTP,Dr. Varghese George,ഡോ. വർഗീസ് ജോർജ്,,male,50,Jackfruit,
26kla354,Perumbavoor,NDA,TTP,Jibi Pathikkal,ജിബി പത്തിക്കൽ,,male,53,Jackfruit,
26kla355,Angamaly,NDA,TTP,Promy Kuriakose,പ്രോമി കുര്യാക്കോസ്,,male,49,Jackfruit,
26kla356,Aluva,NDA,BJP,M.A. Brahmaraj,എം. എ. ബ്രഹ്മരാജ്,,male,59,Lotus,
26kla357,Kalamassery,NDA,BDJS,M. P. Binu,എം. പി. ബിനു,,male,51,Coconut Farm,
26kla358,Paravur,NDA,BJP,Vathsala Prasanna Kumar,വത്സല പ്രസന്ന കുമാർ,,female,72,Lotus,
26kla359,Vypin,NDA,TTP,Anitha Thomas,അനിത തോമസ്,,female,60,Jackfruit,
26kla360,Kochi,NDA,TTP,Adv. Xavier Joolappan,അഡ്വ. സേവ്യർ ജൂലപ്പൻ,,male,60,Jackfruit,
26kla361,Thrippunithura,NDA,TTP,Anjali .P. V,അഞ്ജലി പി. വി.,,female,37,Jackfruit,
26kla362,Ernakulam,NDA,BJP,P.R. Sivasankar,പി. ആർ. ശിവശങ്കർ,,male,58,Lotus,
26kla363,Thrikkakara,NDA,TTP,Akhil Raj (Akhil Marar),അഖിൽ രാജ് (അഖിൽ മാരാർ),,male,38,Jackfruit,
26kla364,Kunnathunad,NDA,TTP,Babu Divakaran,ബാബു ദിവാകരൻ,,male,55,Jackfruit,
26kla365,Piravom,NDA,TTP,Jibi Abraham,ജിബി അബ്രഹാം,,male,50,Jackfruit,
26kla366,Muvattupuzha,NDA,TTP,Sunny Kadoothazhe,സണ്ണി കടുതഴെ,,male,54,Jackfruit,
26kla367,Kothamangalam,NDA,BDJS,Aji Narayanan,അജി നാരായണൻ,,male,59,Coconut Farm,
26kla368,Devikulam,NDA,BJP,S. Rajendran,എസ്. രാജേന്ദ്രൻ,,male,61,Lotus,
26kla369,Udumbanchola,NDA,BDJS,Adv. Sangeetha Viswanadhan,അഡ്വ. സംഗീത വിശ്വനാഥൻ,,female,49,Coconut Farm,
26kla370,Thodupuzha,NDA,TTP,Adv. Roy A. Varikkad,അഡ്വ. റോയ് എ. വരിക്കാട്,,male,69,Jackfruit,
26kla371,Idukki,NDA,BDJS,Adv. Pradeesh Prabha,അഡ്വ. പ്രദീഷ് പ്രഭ,,male,49,Coconut Farm,
26kla372,Peerumade,NDA,BJP,V. Ratheesh,വി. രതീഷ്,,male,42,Lotus,
26kla373,Pala,NDA,BJP,Shone George,ഷോൺ ജോർജ്,,male,43,Lotus,
26kla374,Kaduthuruthy,NDA,BDJS,Suresh Ettikunnel,സുരേഷ് എട്ടിക്കുന്നേൽ,,male,58,Coconut Farm,
26kla375,Vaikom,NDA,BJP,K. Ajith,കെ. അജിത്ത്,,male,55,Lotus,
26kla376,Ettumanoor,NDA,TTP,Athira D. Nair,ആതിര ഡി. നായർ,,female,25,Jackfruit,
26kla377,Kottayam,NDA,BDJS,P. Anilkumar,പി. അനിൽകുമാർ,,male,56,Coconut Farm,
26kla378,Puthuppally,NDA,BJP,Raveendranath Vakathanam,രവീന്ദ്രനാഥ് വാകത്താനം,,male,50,Lotus,
26kla379,Changanassery,NDA,BJP,B. Radhakrishna Menon,ബി. രാധാകൃഷ്ണ മേനോൻ,,male,61,Lotus,
26kla380,Kanjirappally,NDA,BJP,Adv. George Kurian,അഡ്വ. ജോർജ് കുര്യൻ,,male,65,Lotus,
26kla381,Poonjar,NDA,BJP,P. C. George,പി. സി. ജോർജ്,,male,75,Lotus,
26kla382,Aroor,NDA,BDJS,Adv. P.S. Jyothis,അഡ്വ. പി. എസ്. ജ്യോതിസ്,,male,59,Coconut Farm,
26kla383,Cherthala,NDA,BDJS,Adv. Anandaraj T. P,അഡ്വ. ആനന്ദരാജ് ടി. പി.,,male,33,Coconut Farm,
26kla384,Alappuzha,NDA,BJP,M.J. Job,എം. ജെ. ജോബ്,,male,66,Lotus,
26kla385,Ambalappuzha,NDA,BJP,Arun Anirudhan,അരുൺ അനിരുദ്ധൻ,,male,43,Lotus,
26kla386,Kuttanad,NDA,BDJS,Santhosh Santhy,സന്തോഷ് ശാന്തി,,male,50,Coconut Farm,
26kla387,Haripad,NDA,BJP,Sandeep Vachaspati,സന്ദീപ് വചസ്പതി,,male,46,Lotus,
26kla388,Kayamkulam,NDA,BDJS,Thambi Mettuthara,തമ്പി മേട്ടുതറ,,male,55,Coconut Farm,
26kla389,Mavelikara,NDA,BJP,Ajimon,അജിമോൻ,,male,45,Lotus,
26kla390,Chengannur,NDA,BJP,M. V. Gopakumar,എം. വി. ഗോപകുമാർ,,male,53,Lotus,
26kla391,Thiruvalla,NDA,BJP,Anoop Antony,അനൂപ് ആന്റണി,,male,41,Lotus,
26kla392,Ranni,NDA,TTP,Thomas K. Samuel,തോമസ് കെ. സാമുവൽ,,male,45,Jackfruit,
26kla393,Aranmula,NDA,BJP,Kummanam Rajasekharan,കുമ്മനം രാജശേഖരൻ,,male,73,Lotus,
26kla394,Konni,NDA,BDJS,T. P. Sundareshan,ടി. പി. സുന്ദരേശൻ,,male,63,Coconut Farm,
26kla395,Adoor,NDA,BJP,Adv. Pandalam Prathapan,അഡ്വ. പന്തളം പ്രതാപൻ,,male,62,Lotus,
26kla396,Karunagappally,NDA,BJP,V. S. Jithin Dev,വി. എസ്. ജിതിൻ ദേവ്,,male,43,Lotus,
26kla397,Chavara,NDA,BJP,K. R. Rajesh,കെ. ആർ. രാജേഷ്,,male,49,Lotus,
26kla398,Kunnathur,NDA,BJP,Raji Prasad,രാജി പ്രസാദ്,,female,42,Lotus,
26kla399,Kottarakkara,NDA,BJP,R. Reshmi,ആർ. രശ്മി,,female,48,Lotus,
26kla400,Pathanapuram,NDA,TTP,Anil Pilla,അനിൽ പിള്ള,,male,53,Jackfruit,
26kla401,Punalur,NDA,TTP,Adv. B. Raghunathan Pillai,ആഡ്വ.ബി. രഘുനാഥൻ പിള്ള,,male,55,Jackfruit,
26kla402,Chadayamangalam,NDA,BJP,R. S. Arun Raj,ആർ. എസ്. അരുൺ രാജ്,,male,50,Lotus,
26kla403,Kundara,NDA,BJP,Robin Radhakrishnan (Robin RB),റോബിൻ രാധാകൃഷ്ണൻ,,male,34,Lotus,
26kla404,Kollam,NDA,BJP,Dr. N. Prathap Kumar,ഡോ. എൻ. പ്രതാപ് കുമാർ,,male,61,Lotus,
26kla405,Eravipuram,NDA,BDJS,Saji D. Anand,സജി ഡി. ആനന്ദ്,,male,52,Coconut Farm,
26kla406,Chathannoor,NDA,BJP,B. B. Gopakumar,ബി. ബി. ഗോപകുമാർ,,male,60,Lotus,
26kla407,Varkala,NDA,BJP,Adv. Smitha Sundaresan,അഡ്വ. സ്മിത സുന്ദരേശൻ,,female,45,Lotus,
26kla408,Attingal,NDA,BJP,P. Sudheer,പി. സുധീർ,,male,45,Lotus,
26kla409,Chirayinkeezhu,NDA,BJP,B. S. Anoop,ബി. എസ്. അനൂപ്,,male,40,Lotus,
26kla410,Nedumangad,NDA,BJP,Yuvaraj Gokul,യുവരാജ് ഗോകുൽ,,male,38,Lotus,
26kla411,Vamanapuram,NDA,BDJS,Venu Karanavar,വേണു കാരണവർ,,male,51,Coconut Farm,
26kla412,Kazhakkoottam,NDA,BJP,V. Muraleedharan,വി. മുരളീധരൻ,,male,67,Lotus,
26kla413,Vattiyoorkavu,NDA,BJP,R. Sreelekha,ആർ. ശ്രീലേഖ,,female,65,Lotus,
26kla414,Thiruvananthapuram,NDA,BJP,Karamana Jayan,കരമന ജയൻ,,male,61,Lotus,
26kla415,Nemom,NDA,BJP,Rajeev Chandrasekhar,രാജീവ് ചന്ദ്രശേഖർ,,male,62,Lotus,
26kla416,Aruvikkara,NDA,BJP,Vivek Gopan,വിവേക് ഗോപൻ,,male,42,Lotus,
26kla417,Parassala,NDA,BJP,Adv. Gireesh Neyyar,അഡ്വ. ഗിരീഷ് നെയ്യാർ,,male,46,Lotus,
26kla418,Kattakkada,NDA,BJP,P. K. Krishnadas,പി. കെ. കൃഷ്ണദാസ്,,male,62,Lotus,
26kla419,Kovalam,NDA,BJP,T. N. Suresh,ടി. എൻ. സുരേഷ്,,male,58,Lotus,
26kla420,Neyyattinkara,NDA,BJP,S. Rajasekharan Nair,എസ്. രാജശേഖരൻ നായർ,,male,70,Lotus,
26kla428,Taliparamba,others,AAP,Anappally Gopalan,ആനപ്പള്ളി ഗോപാലൻ,,male,73,Broom,
26kla429,Irikkur,others,AAP,Joseph P.V,ജോസഫ് പി. വി.,,male,59,Broom,
26kla434,Kuthuparamba,others,AAP,Rafeed AP,റഫീദ് എ. പി.,,male,36,Broom,
26kla436,Peravoor,others,AAP,Adv. Henstion George,അഡ്വ. ഹെൻസ്റ്റൺ ജോർജ്,,male,57,Broom,
26kla438,Sulthan Bathery,others,AAP,Prakrithi N V,പ്രകൃതി എൻ. വി.,,transgender,26,Broom,
26kla439,Kalpetta,others,AAP,Rafeek C A,റഫീക്ക് സി. എ.,,male,44,Broom,
26kla443,Koyilandy,others,AAP,Musthafa PK (Padinjare Kuniyoth),മുസ്തഫ പി. കെ. (പടിഞ്ഞാറെ കുനിയോത്ത്),,male,64,Broom,
26kla444,Perambra,others,AAP,Ranjith Malayil,രഞ്ജിത്ത് മലയിൽ,,male,42,Broom,
26kla446,Elathur,others,AAP,Abdul Basith Atholi,അബ്ദുൾ ബാസിത് അത്തോളി,,male,39,Broom,
26kla447,Kozhikode North,others,AAP,Dr. Alphonsa Mathew,ഡോ. അൽഫോൻസ മാത്യു,,female,62,Broom,
26kla451,Koduvally,others,AAP,Bavan Kutty K M,ബാവൻ കുട്ടി കെ. എം.,,male,71,Broom,
26kla452,Thiruvambady,others,AAP,Sunny V Joseph,സണ്ണി വി. ജോസഫ്,,male,66,Broom,
26kla455,Nilambur,others,AAP,Jaisal Maliyekkal,ജൈസൽ മാളിയേക്കൽ,,male,39,Broom,
26kla457,Manjeri,others,AAP,Adv. PPA Sageer,അഡ്വ. പി. പി. എ. സഗീർ,,male,47,Broom,
26kla460,Malappuram,others,AAP,Aboobacker K.P. (Kundupuzhakkal),അബൂബക്കർ (ബക്കർ കുണ്ടുപുഴയ്ക്കൽ),,male,50,Broom,
26kla462,Vallikkunnu,others,AAP,Abdul Azeez Kadalundi,അബ്ദുൾ അസീസ് കടലുണ്ടി,,male,42,Broom,
26kla463,Tirurangadi,others,AAP,Moosa Jarathingal,മൂസ ജാരത്തിങ്കൽ,,male,59,Broom,
26kla465,Tirur,others,AAP,Kabeer Shameer Kuttoor,കബീർ ഷെമീർ കുട്ടൂർ,,male,49,Broom,
26kla475,Malampuzha,others,AAP,Saji P J,സജി പി. ജെ.,,male,40,Broom,
26kla476,Palakkad,others,AAP,Udayan Sukumaran,ഉദയൻ സുകുമാരൻ,,male,38,Broom,
26kla481,Chelakkara,others,AAP,K V Subramaniyan,കെ. വി. സുബ്രഹ്മണ്യൻ,,male,61,Broom,
26kla482,Kunnamkulam,others,AAP,Rajeev K Sivaraman,രാജീവ് കെ. ശിവരാമൻ,,male,58,Broom,
26kla483,Guruvayur,others,AAP,Pauly Francis Guruvayur,പോളി ഫ്രാൻസിസ് ഗുരുവായൂർ,,male,57,Broom,
26kla484,Manalur,others,AAP,Unnikrishnan C. S.,ഉണ്ണികൃഷ്ണൻ സി. എസ്.,,male,68,Broom,
26kla485,Wadakkanchery,others,AAP,Jithin Sadanananthan,ജിതിൻ സദാനന്ദൻ,,male,37,Broom,
26kla486,Ollur,others,AAP,V P Prinson Avinissery,വി. പി. പ്രിൻസൺ അവിണിശ്ശേരി,,male,51,Broom,
26kla487,Thrissur,others,AAP,Rani Anto,റാണി ആന്റോ,,female,53,Broom,
26kla489,Kaipamangalam,others,AAP,Jayan Eratt,ജയൻ ഏറാട്ട്,,male,61,Broom,
26kla490,Irinjalakuda,others,AAP,Dr. Shaju K Y (Kavungal),ഡോ. ഷാജു കെ. വൈ. (കാവുങ്കൽ),,male,58,Broom,
26kla491,Puthukkad,others,AAP,Jayakrishnan P N,ജയകൃഷ്ണൻ പി. എൻ.,,male,44,Broom,
26kla492,Chalakudy,others,AAP,Wilson Kallen,വിൽസൺ കല്ലൻ,,male,69,Broom,
26kla493,Kodungallur,others,AAP,Dr. K.M Francis Roy,ഡോ. കെ. എം. ഫ്രാൻസിസ് റോയ്,,male,52,Broom,
26kla496,Aluva,others,AAP,Hakhikhath Hameed,ഹഖീഖത്ത് ഹമീദ്,,male,37,Broom,
26kla497,Kalamassery,others,AAP,Shamsu T.K,ഷംസു ടി. കെ.,,male,67,Broom,
26kla499,Vypin,others,AAP,Mohandas PG,മോഹൻദാസ് പി. ജി.,,male,40,Broom,
26kla501,Thrippunithura,others,AAP,Thomas Paul,തോമസ് പോൾ,,male,47,Broom,
26kla502,Ernakulam,others,AAP,Moses Henry Motha,മോസസ് ഹെൻറി മോത,,male,63,Broom,
26kla503,Thrikkakara,others,AAP,Jose George,ജോസ് ജോർജ്,,male,56,Broom,
26kla505,Piravom,others,AAP,Eldho Abraham,എൽദോ എബ്രഹാം,,male,38,Broom,
26kla506,Nadapuram,others,,K. M. Abhijith,കെ. എം. അഭിജിത്ത്,26kla162,male,34,Pen nib with Seven Rays,
26kla510,Thodupuzha,others,AAP,Adv. Basil John,അഡ്വ. ബേസിൽ ജോൺ,,male,43,Broom,
26kla512,Peerumade,others,AAP,Joseph Jacob,ജോസഫ് ജേക്കബ്,,male,47,Broom,
26kla513,Pala,others,AAP,Adv. Rony Jose Nedumpallil,അഡ്വ. റോണി ജോസ് നെടുമ്പള്ളിൽ,,male,31,Broom,
26kla514,Kaduthuruthy,others,AAP,Dominic Simon,ഡൊമിനിക് സൈമൺ,,male,47,Broom,
26kla517,Kottayam,others,AAP,Dr. Selin Philip,ഡോ. സെലിൻ ഫിലിപ്പ്,,female,64,Broom,
26kla519,Changanassery,others,AAP,Prof. Dr. Saju Kannanthara,പ്രൊഫ. ഡോ. സാജു കണ്ണന്തറ,,male,59,Broom,
26kla526,Kuttanad,others,AAP,Joseph Mathew,ജോസഫ് മാത്യു,,male,60,Broom,
26kla539,Kottarakkara,others,AAP,Mamachan D,മാമച്ചൻ ഡി.,,male,66,Broom,
26kla544,Kollam,others,AAP,Adv. Sinu L R,അഡ്വ. സിനു എൽ. ആർ.,,male,47,Broom,
26kla546,Chathannoor,others,AAP,Arun A,അരുൺ എ.,,male,39,Broom,
26kla554,Thiruvananthapuram,others,AAP,Samin Sathyadas,സമിൻ സത്യദാസ്,,male,34,Broom,
26kla555,Nemom,others,AAP,Vinu K,വിനു കെ.,,male,49,Broom,
26kla557,Parassala,others,AAP,Deepumon N,ദീപുമോൻ എൻ.,,male,39,Broom,
26kla559,Kovalam,others,AAP,Manoj S.P,മനോജ് എസ്. പി.,,male,50,Broom,
26kla567,Kalliasseri,others,SDPI,K.K. Abdul Jabbar,കെ. കെ. അബ്ദുൾ ജബ്ബാർ,,male,53,Scissors,
26kla569,Irikkur,others,SDPI,M. J. Mathew,എം. ജെ. മാത്യു,,male,61,Scissors,
26kla573,Thalassery,others,SDPI,A.C. Jalaluddin,എ. സി. ജലാലുദ്ദീൻ,,male,64,Scissors,
26kla575,Mattanur,others,SDPI,Basheer Punnad,ബഷീർ പുന്നാട്,,male,51,Scissors,
26kla593,Kondotty,others,SDPI,M. Abdul Khader,എം. അബ്ദുൾ ഖാദർ,,male,60,Scissors,
26kla594,Eranad,others,SDPI,Yusuf Chemmala,യൂസഫ് ചെമ്മല,,male,43,Scissors,
26kla600,Malappuram,others,SDPI,Adv. Sadiq Naduthodi,അഡ്വ. സാദിഖ് നടുത്തൊടി,,male,56,Scissors,
26kla606,Kottakkal,others,SDPI,Adv. Majeed Marakkara,അഡ്വ. മജീദ് മരക്കര,,male,36,Scissors,
26kla607,Thavanur,others,SDPI,Abdul Jaleel,അബ്ദുൾ ജലീൽ,,male,55,Scissors,
26kla608,Ponnani,others,SDPI,Anvar Pazhanji,അൻവർ പഴഞ്ഞി,,male,52,Scissors,
26kla609,Thrithala,others,SDPI,Shaheer Chalippuram,ഷഹീർ ചാലിപ്പുറം,,male,37,Scissors,
26kla610,Pattambi,others,SDPI,S.P. Ameer Ali,എസ്. പി. അമീർ അലി,,male,40,Scissors,
26kla614,Mannarkkad,others,SDPI,Ashitha Najeeb,ആശിത നജീബ്,,female,39,Scissors,
26kla619,Nenmara,others,SDPI,Anvar Sadiq,അൻവർ സാദിഖ്,,male,31,Scissors,
26kla621,Chelakkara,others,SDPI,P. R. Vinod Kumar,പി. ആർ. വിനോദ് കുമാർ,,male,45,Scissors,
26kla623,Guruvayur,others,SDPI,K.V. Abdul Nasar Paroor,കെ. വി. അബ്ദുൾ നാസർ പറവൂർ,,male,55,Scissors,
26kla624,Manalur,others,SDPI,Dileef Abdul Khader,ദിലീഫ് അബ്ദുൾ ഖാദർ,,male,44,Scissors,
26kla629,Kaipamangalam,others,SDPI,A.M. Muhammed Riyas,എ. എം. മുഹമ്മദ് റിയാസ്,,male,48,Scissors,
26kla638,Paravur,others,SDPI,V.M. Faisal,വി. എം. ഫൈസൽ,,male,48,Scissors,
26kla640,Kochi,others,SDPI,Aneesh Mattancherry,അനീഷ് മട്ടാഞ്ചേരി,,male,42,Scissors,
26kla643,Thrikkakara,others,SDPI,Aloysius Kollannur,അലോഷ്യസ് കൊള്ളന്നൂർ,,male,60,Scissors,
26kla646,Muvattupuzha,others,SDPI,Roy Arakkal,റോയ് അറയ്ക്കൽ,,male,66,Scissors,
26kla650,Thodupuzha,others,SDPI,Afsal M. B,അഫ്സൽ എം. ബി.,,male,36,Scissors,
26kla659,Changanassery,others,SDPI,Althaf Hassan,അൽത്താഫ് ഹസ്സൻ,,male,54,Scissors,
26kla682,Chadayamangalam,others,SDPI,Sharafath Mallam,ഷറഫത്ത് മല്ലം,,male,47,Scissors,
26kla688,Attingal,others,SDPI,Jayarajan M,ജയരാജൻ എം.,,male,42,Scissors,
26kla690,Nedumangad,others,SDPI,Siyad Kandala,സിയാദ് കണ്ടല,,male,50,Scissors,
26kla691,Thrithala ,others,,Abbas,അബ്ബാസ്,,male,51,Gas Cylinder,
26kla692,Malappuram ,others,,Abdul Gafoor Master O.P.K,അബ്ദുൾ ഗഫൂർ മാസ്റ്റർ ഒ.പി.കെ.,,male,60,Bucket,
26kla693,Thavanur ,others,,Abdul Jaleel K T S/o Moideen K T,അബ്ദുൾ ജലീൽ കെ. ടി S/O മൊയ്തീൻ കെ ടി ,26kla047,male,52,Balloon,
26kla694,Azhikode ,others,,Abdul Kareem. V. V,അബ്ദുൾ കരീം. വി. വി,26kla150,male,49,Refrigerator,
26kla695,Kuttiady,others,,Abdulla,അബ്ദുള്ള,26kla161,male,76,Window,
26kla696,Manjeshwaram ,others,,Abdul Latheef I,അബ്ദുൾ ലത്തീഫ് ഐ,,male,38,Television,
26kla697,Perinthalmanna ,others,,Abdul Najeeb S/o Mohamed,അബ്ദുൾ നജീബ്  S/O മുഹമ്മദ്,26kla178,male,42,Plate and Stand,
26kla698,Perinthalmanna ,others,,Abdul Najeeb S/o Veerappu,അബ്ദുൾ നജീബ്  S/O  വീരാപ്പു,26kla178,male,38,Razor,
26kla699,Vengara ,others,,Abdul Rafeeq Chemban,അബ്ദുൾ റഫീഖ് ചെമ്പൻ,,male,47,Football player,
26kla700,Kunnamangalam ,others,,Abdul Razak,അബ്ദുൾ റസാഖ്  S/O  കോയക്കുട്ടി,26kla170,male,59,Wall Hook,
26kla701,Taliparamba ,others,,Abdul Salam K P,അബ്ദുൾ സലാം കെ പി,,male,50,Ring,
26kla702,Malappuram ,others,,Abdulsalam.K.P,അബ്ദുസ്സലാം.കെ.പി.,,male,66,Pressure Cooker,
26kla703,Koduvally ,others,,Abdul Shukoor,അബ്ദുൾ ഷുക്കൂർ,,male,51,Balloon,
26kla704,Tirur ,others,,Abdurahiman S/o Kunjeen,"അബ്ദുറഹിമാൻ, S/O കുഞ്ഞീൻ",26kla1052,male,36,Dish Antenna,
26kla705,Kunnamangalam ,others,,Abdu Rasak,അബ്ദു റസാഖ് S/O മുഹമ്മദ്,26kla170,male,62,Stumps,
26kla706,Nadapuram ,others,,"Abhijith, s/o Balan",അഭിജിത്ത്  S/O ബാലൻ ,26kla162,male,39,Diamond,
26kla707,Balussery,others,,Abhijith,അഭിജിത്,,male,32,Dish Antenna,
26kla708,Poonjar ,others,,Abhiram Babu,അഭിരാം ബാബു,,male,27,Peas,
26kla709,Shornur ,others,SDPI,Aboobacker,അബൂബക്കർ,,male,50,Scissors,
26kla710,Mannarkkad ,others,,Aboobacker S/o Ayisha,അബൂബക്കർ S/O ആയിഷ,26kla054,male,55,Dish Antenna,
26kla711,Chalakudy ,others,,A D Biju,എ ഡി ബിജു,26kla072,male,49,Peas,
26kla712,Parassala ,others,BSP,Adv. Dhanuvachapuram Thankachan,അഡ്വ. ധനുവച്ചപുരം തങ്കച്ചൻ,,male,66,Elephant,
26kla713,Kattakkada ,others,CPIML Liberation,Adv. Jayakumar Theertham,അഡ്വ. ജയകുമാർ തീർത്ഥം,,male,46,Flag with three Stars,
26kla714,Thrithala ,others,BSP,Adv Keerthi Jayanandhan,അഡ്വ. കീർത്തി ജയാനന്ദൻ,,female,30,Elephant,
26kla715,Vaikom ,others,,Adv. P I Jayakumar,അഡ്വ. പി ഐ ജയകുമാർ,,male,53,Truck,
26kla716,Perumbavoor ,others,BSP,Adv. Prasanth,അഡ്വ. പ്രശാന്ത്,,male,37,Elephant,
26kla717,Kovalam ,others,,Adv. Sabu.S.Philip,അഡ്വ.സാബു.എസ്.ഫിലിപ്പ്,,male,56,Bat,
26kla718,Thiruvananthapuram ,others,BSP,Adv. Sen,അഡ്വ. സെൻ,,male,53,Elephant,
26kla719,Cherthala ,others,,Adv. Sonnymon K. Mathew,അഡ്വ. സോണിമോൻ കെ. മാത്യു,,male,50,Gas Cylinder,
26kla720,Aruvikkara ,others,,Adv. S. Sivakumar S/o Sadasivan,അഡ്വ. എസ്. ശിവകുമാർ S/O സദാശിവൻ,26kla276,male,51,Grapes,
26kla721,Elathur ,others,,Adv.Sumin.S.Nedungadan,അഡ്വ.സുമിൻ.എസ്.നെടുങ്ങാടൻ,,male,40,Bench,
26kla722,Konni ,others,,Adv Varughese Oommen,അഡ്വ. വർഗീസ് ഉമ്മൻ,,male,50,Gas Cylinder,
26kla723,Thodupuzha ,others,,Ajay V Marar (ajay Unni),അജയ് വി മാരാർ (അജയ് ഉണ്ണി),,male,42,Truck,
26kla724,Kochi ,others,,Ajeesh P.E,അജീഷ് പി.ഇ,,male,38,Laptop,
26kla725,Chadayamangalam ,others,Anna DHRM,Aji Kadasseri,അജി കടശ്ശേരി,,male,47,Flute,
26kla726,Kalamassery ,others,SDPI,Ajmal K Mujeeb,അജ്മൽ കെ മുജീബ്,,male,50,Scissors,
26kla727,Thiruvalla ,others,,Aju Alex,അജു അലക്സ്,,male,43,Balloon,
26kla728,Perambra ,others,CPIML Red Star,Akhil Kumar A.M,അഖിൽ കുമാർ എ.എം.,,male,48,Gas Cylinder,
26kla729,Alappuzha ,others,,Alleppey Sugunan,ആലപ്പി സുഗുണൻ,,male,76,Bat,
26kla730,Irikkur ,others,,Amal K T,അമൽ കെ ടി,,male,27,Peas,
26kla731,Pathanapuram ,others,Anna DHRM,Aneesh Aneesh,അനീഷ് കിളിമാനൂർ,,male,36,Flute,
26kla732,Puthukkad ,others,,Anifa V K,അനിഫ വി കെ,,male,58,Bat,
26kla733,Wandoor ,others,,Anilkumar S/o Kuttan,അനിൽകുമാർ S/O കുട്ടൻ,26kla176,male,54,Pen Stand,
26kla734,Chirayinkeezhu ,others,Anna DHRM,Anoop Alappuramkunnu,അനൂപ് ആലപ്പുറംകുന്ന്,,male,33,Flute,
26kla735,Nedumangad ,others,,Anvar Sadath,അൻവർ സാദത്ത്,,male,42,Diamond,
26kla736,Beypore ,others,,Anver S/o Enunni,അൻവർ S/O ഏനുണ്ണി ,26kla169,male,52,Computer,
26kla737,Beypore ,others,,Anver S/o Moideenkoya,അൻവർ S/O മൊയ്ദീൻകോയ ,26kla169,male,45,Almirah,
26kla738,Beypore ,others,,Anver S/o Sulaikha K P,അൻവർ  S/O സുലൈഖ കെ പി,26kla169,male,46,Bat,
26kla739,Beypore ,others,,Anwar Ali Hassan S/o Kuttyhassan,അൻവർ അലി ഹസ്സൻ S/o കുട്ടിഹസ്സൻ,26kla169,male,46,Television,
26kla740,Cherthala ,others,,A.P. Prasad S/o Purushothaman,എ.പി. പ്രസാദ് S/O പുരുഷോത്തമൻ ,26kla103,male,58,Football player,
26kla741,Kalamassery ,others,SUCI,A Rajeena,എ റജീന,,female,42,Battery Torch,
26kla742,Changanassery ,others,SUCI,Aravind V,അരവിന്ദ് വി,,male,30,Bat,
26kla743,Thrissur ,others,CPIML Liberation,Arshed Aziz,അർഷെഡ് അസീസ്,,male,27,Flag with three Stars,
26kla744,Chalakudy ,others,,Arun Edathadan,അരുൺ എടത്താടൻ,,male,34,Gas Cylinder,
26kla745,Peravoor ,others,CPIML Red Star,Aruvikkal Krishnan,അരുവിക്കൽ കൃഷ്ണൻ,,male,50,Flag with three Stars,
26kla746,Thiruvananthapuram ,others,SUCI ,A Saboora,എ സബൂറ,,female,47,Table,
26kla747,Kozhikode North ,others,SUCI,A Sajeena,എ സജീന,,female,33,Battery Torch,
26kla748,Ettumanoor ,others,SUCI,Ashna Thambi,ആഷ്ന തമ്പി,,female,26,Battery Torch,
26kla749,Ernakulam ,others,,Ashokan,അശോകൻ,,male,71,Water Tank,
26kla750,Irinjalakuda ,others,,Ayyappan Manakkal,അയ്യപ്പൻ മനക്കൽ,,male,63,Brush,
26kla751,Sulthan Bathery ,others,,Balakrishnan Edakkal,ബാലകൃഷ്ണൻ എടക്കൽ,26kla158,male,58,Bat,
26kla752,Thrithala ,others,,Balaraman,ബലരാമൻ,26kla189,male,56,Lady Finger,
26kla753,Sulthan Bathery ,others,BSP,Benadict,ബെനഡിക്റ്റ്,,male,59,Elephant,
26kla754,Alathur ,others,,B Febin S/o Balan K.C.,ബി ഫെബിൻ S/O ബാലൻ കെ.സി.,26kla200,male,37,Pen Stand,
26kla755,Vatakara ,others,,Bhaskaran K K S/o Kelappan,ഭാസ്കരൻ കെ കെ S/O കേളപ്പൻ,26kla020,male,75,Letter Box,
26kla756,Neyyattinkara ,others,,Bibin S.B,ബിബിൻ എസ്.ബി,,male,34,Bat,
26kla757,Thiruvananthapuram ,others,,Bindhu Menon L R,ബിന്ദു മേനോൻ എൽ ആർ,,female,49,Ring,
26kla758,Ettumanoor ,others,BSP,Binoy Joseph Kulathunkal,ബിനോയ് ജോസഫ് കുളത്തുങ്കൽ,,male,58,Elephant,
26kla759,Manjeri ,others,,Bipin Benson Joseph,ബിപിൻ ബെൻസൺ ജോസഫ്,,male,35,Baby Walker,
26kla760,Chengannur ,others,SUCI,B. Praneesh,ബി. പ്രനീഷ്,,male,53,Battery Torch,
26kla761,Taliparamba ,others,,C Balakrishnan Yadav,സി ബാലകൃഷ്ണൻ യാദവ്,,male,65,Football player,
26kla762,Pala ,others,,C G Babu,സി ജി ബാബു,,male,59,Balloon,
26kla763,Manalur ,others,,Chandran P V,ചന്ദ്രൻ പി വി,,male,63,Gas Cylinder,
26kla764,Mattanur ,others,,Chandran Thengalath,ചന്ദ്രൻ തെങ്ങലത്ത്,26kla155,male,51,Baby Walker,
26kla765,Devikulam ,others,,Chelladurai .M,ചെല്ലദുരൈ .എം,,male,71,Coconut Farm,
26kla766,Guruvayur ,others,SUCI,C. R. Unnikrishnan,സി. ആർ. ഉണ്ണികൃഷ്ണൻ,,male,72,Battery Torch,
26kla767,Peravoor ,others,,C. Shylaja,സി. ഷൈലജ,26kla016,female,66,Almirah,
26kla768,Koyilandy ,others,,Dasan,ദാസൻ,26kla023,male,62,Air Conditioner,
26kla769,Kazhakoottam ,others,Anna DHRM,Deebika Karimanal,ദീബിക കരിമണൽ,,female,28,Flute,
26kla770,Irinjalakuda ,others,,Dr. Anish,ഡോ. അനീഷ്,,male,51,Ship,
26kla771,Changanassery ,others,,Dr.Kalki P,ഡോ. കൽക്കി പി,,female,35,Sitar,
26kla772,Tirur ,others,SUCI,Dr.S.Aleena,ഡോ. എസ്. അലീന,,female,35,Battery Torch,
26kla773,Thiruvambady ,others,,Dr. Wilson Rockey,ഡോ. വിൽസൺ റോക്കി,,male,58,Boat with man and Sail,
26kla774,Manjeshwaram ,others,,D Surendran Nair,ഡി സുരേന്ദ്രൻ നായർ,26kla281,male,63,Diamond,
26kla775,Ollur ,others,,Edwin Babu Alapat,എഡ്വിൻ ബാബു ആലപ്പാട്ട്,,male,28,Pen nib with Seven Rays,
26kla776,Perumbavoor ,others,,Eldho George,എൽദോ ജോർജ്,,male,29,Television,
26kla777,Vattiyoorkavu ,others,SUCI,Emil B.S,എമിൽ ബി.എസ്,,male,26,Battery Torch,
26kla778,Perambra ,others,,Fathima Nasri.V,ഫാത്തിമ നസ്രി.വി,26kla164,female,26,Refrigerator,
26kla779,Perambra ,others,,Fathimathu Ruksana.P,ഫാത്തിമത്തു റുക്‌സാന.പി,26kla164,female,27,Almirah,
26kla780,Kothamangalam ,others,RJP,Finto Xavier,ഫിന്റോ സേവ്യർ,,male,36,Gas Cylinder,
26kla781,Koduvally ,others,,Firose K C S/o Moitheenkutty,ഫിറോസ് കെ സി  S/O മൊയ്തീൻകുട്ടി,26kla171,male,43,Window,
26kla782,Koduvally ,others,,Firose S/o Aboobacker Musaliar,ഫിറോസ് S/o അബൂബക്കർ മുസലിയാർ,26kla171,male,37,Wall Hook,
26kla783,Eravipuram ,others,,Firoz  S  R,ഫിറോസ് എസ് ആർ,,male,45,Diamond,
26kla784,Manjeshwaram ,others,,Gean Lavina Monteiro,ഗീൻ ലാവിന മൊണ്ടീറോ,,female,56,Battery Torch,
26kla785,Pathanapuram ,others,,Genash Kumar,എൻ. പി. ഗണേഷ് കുമാർ S/O പരമു,26kla120,male,72,Ring,
26kla786,Paravur ,others,,G.Gokuldev,ജി. ഗോകുൽദേവ്,,male,35,Balloon,
26kla787,Chadayamangalam ,others,,G. Jayan Moonlight Chithara,ജി. ജയൻ മൂൺലൈറ്റ് ചിതറ,,male,63,Television,
26kla788,Kongad ,others,BSP,Guruvayoorappan P E,ഗുരുവായൂരപ്പൻ പി ഇ,,male,65,Elephant,
26kla789,Tirurangadi ,others,SDPI,Hameed V,ഹമീദ് വി,,male,49,Scissors,
26kla790,Perinthalmanna ,others,,Haneefa,ഹനീഫ,26kla038,male,52,Boat with man and Sail,
26kla791,Varkala ,others,,Harikrishnan S G,ഹരികൃഷ്ണൻ എസ് ജി,,male,25,Battery Torch,
26kla792,Pattambi ,others,,Haris Babu Pailippuram,ഹാരിസ് ബാബു പൈലിപ്പുറം,,male,43,Gas Cylinder,
26kla793,Kaduthuruthy ,others,,Indu,ഇന്ദു,,female,39,Scissors,
26kla794,Kuttanad ,others,,Jaisappan Mathai,ജയ്‌സപ്പൻ മത്തായി,,male,62,Laptop,
26kla795,Kuthuparamba ,others,,Jayanthi,ജയന്തി,26kla154,female,50,Flute,
26kla796,Kozhikode North ,others,,Jayanth Kumar,ജയന്ത് കുമാർ,26kla167,male,43,Diamond,
26kla797,Kozhikode North ,others,,Jayanth S,ജയന്ത് എസ്,26kla167,male,27,Frock,
26kla798,Kaduthuruthy ,others,BSP,Jijith K Joy,ജിജിത്ത് കെ ജോയ്,,male,41,Elephant,
26kla799,Angamaly ,others,,Joby Paul Uppan,ജോബി പോൾ ഉപ്പൻ,26kla075,male,50,Television,
26kla800,Changanassery ,others,,Joemon Joseph Srampickal A P J Juman V S,ജോമോൻ ജോസഫ് സ്രാമ്പിക്കൽ എ പി ജെ ജുമാൻ വി എസ്,,male,45,Gas Cylinder,
26kla801,Kuttanad ,others,,Joemon Joseph Srampickal A. P. J. Juman V. S.,ജോമോൻ ജോസഫ് സ്രാമ്പിക്കൽ എ. പി. ജെ. ജുമാൻ വി. എസ്.,,male,45,Gas Cylinder,
26kla802,Manjeshwaram ,others,,John D' Souza,ജോൺ ഡിസൂസ,,male,63,Truck,
26kla803,Ambalappuzha ,others,SUCI,Johnson Mathew,ജോൺസൺ മാത്യു,,male,69,Battery Torch,
26kla804,Thodupuzha ,others,,Jomon John,ജോമോൻ ജോൺ,,male,49,Diamond,
26kla805,Changanassery ,others,JRP,Jose Joseph,ജോസ് ജോസഫ്,,male,53,Battery Torch,
26kla806,Alappuzha ,others,,Joseph Chacko,ജോസഫ് ചാക്കോ,,male,61,Cauli Flower,
26kla807,Punalur ,others,BSP,Jose Saranath,ജോസ് സാരാനാഥ്,,male,55,Elephant,
26kla808,Alappuzha ,others,,Jyothi Abraham,ജ്യോതി എബ്രഹാം,,female,45,Pressure Cooker,
26kla809,Pathanapuram ,others,,Jyothish Kumar M,ജ്യോതിഷ് കുമാർ എം,26kla260,male,38,Bat,
26kla810,Nemom ,others,,Kamaleswaram Hari,കമലേശ്വരം ഹരി,,male,55,Computer,
26kla811,Varkala ,others,,M. K. Kannan,എം. കെ. കണ്ണൻ,,male,57,Calculator,
26kla812,Manjeshwaram ,others,,Kannur Abdulla Master,കണ്ണൂർ അബ്ദുള്ള മാസ്റ്റർ,,male,66,Gas Cylinder,
26kla813,Nemom ,others,SUCI,Karamana Prasad,കരമന പ്രസാദ്,,male,66,Battery Torch,
26kla814,Azhikode ,others,,Kareem Chandroth,കരീം ചന്ദ്രോത്ത്,26kla150,male,65,Bench,
26kla815,Thiruvananthapuram ,others,JRP,Karthika Devi M,കാർത്തിക ദേവി എം,,female,40,Battery Torch,
26kla816,Thripunithura ,others,BSP,Karthikeyan,കാർത്തികേയൻ,,male,71,Elephant,
26kla817,Kovalam ,others,SRP,Kattachalkuzhi.M.Sugathan,കട്ടച്ചൽകുഴി.എം.സുഗതൻ,,male,54,Ship,
26kla818,Paravur ,others,,K.B.Satheesan,കെ.ബി. സതീശൻ,26kla218,male,63,Bat,
26kla819,Kondotty ,others,BSP,Keeran N.K,കീരൻ എൻ.കെ.,,male,55,Elephant,
26kla820,Taliparamba ,others,,Khamaruddeen C V,ഖമറുദ്ദീൻ സി വി,,female,38,Laptop,
26kla821,Kovalam ,others,,Kiran S Pillai,കിരൺ എസ് പിള്ള,,male,42,Laptop,
26kla822,Punalur ,others,SUCI,K. Mahesh,കെ. മഹേഷ്,,male,49,Battery Torch,
26kla823,Vengara ,others,,K.M.Shaji Shymalayam,കെ.എം.ഷാജി ഷൈമാലയം,26kla181,male,53,Window,
26kla824,Peerumade ,others,BSP,K Murali,കെ മുരളി,,male,62,Elephant,
26kla825,Taliparamba ,others,,Koyyam Janardhanan,കൊയ്യം ജനാർദ്ദനൻ,,male,66,Television,
26kla826,Ottapalam ,others,BSP,K.P Rajeesh,കെ.പി. രജീഷ്,,male,42,Elephant,
26kla827,Malampuzha ,others,SUCI,K Prasad,കെ പ്രസാദ്,,male,43,Battery Torch,
26kla828,Perambra ,others,,K. Ramakrishnan,കെ. രാമകൃഷ്ണൻ,26kla024,male,63,Whistle,
26kla829,Palakkad ,others,BSP,Krishnankutty K,കൃഷ്ണൻകുട്ടി കെ,,male,51,Elephant,
26kla830,Eranad ,others,BSP,Krishnan Thachannan,കൃഷ്ണൻ തച്ചന്നൻ,,male,58,Elephant,
26kla831,Kazhakoottam ,others,,K. Surendran,കെ. സുരേന്ദ്രൻ,26kla132,male,70,Almirah,
26kla832,Nedumangad ,others,,Kumar,കുമാർ,26kla270,male,59,Brush,
26kla833,Kuttiady,others,,Kunhammadkutty,കുഞ്ഞമ്മദ്കുട്ടി,26kla021,male,62,Dish Antenna,
26kla834,Udma ,others,,Kunhampu P P S/o Raman,കുഞ്ഞമ്പു പി പി S/O രാമൻ,26kla003,male,79,Binoculars,
26kla835,Udma ,others,,Kunhiraman,കുഞ്ഞിരാമൻ,,male,55,Bat,
26kla836,Mankada ,LDF,Independent (CPI(M) support),Kunnath Mohamed S/o Ali Haji,കുന്നത്ത് മുഹമ്മദ്  S/O ആലി ഹാജി,,male,52,Truck,
26kla837,Kalpetta ,others,CPIML Red Star,V. K. Prakash,വി. കെ. പ്രകാശ്,,male,55,Black Board,
26kla838,Koduvally ,others,,Lakshmanan K P Thamarassery,ലക്ഷ്മണൻ കെ പി താമരശ്ശേരി,,male,68,Television,
26kla839,Karunagapally ,others,SDPI,Latheef,ലത്തീഫ്,,male,44,Scissors,
26kla840,Kundara ,others,BSP,Lathika C,ലതിക സി,,female,55,Elephant,
26kla841,Nemom ,others,,Madanan S,മദനൻ എസ്,,male,48,Scissors,
26kla842,Kunnathunad ,others,BSP,Manikuttan A. T.,മണിക്കുട്ടൻ എ. ടി.,,male,53,Elephant,
26kla843,Kaipamangalam ,others,CPIML Red Star,Manoj M.M.,മനോജ് എം.എം.,,male,47,Gas Cylinder,
26kla844,Thiruvananthapuram ,others,,Manomohan,മനോമോഹൻ,,male,58,Whistle,
26kla845,Kunnathur ,others,,Manthara Velayudhan,മന്ഥര വേലായുധൻ,,male,55,Television,
26kla846,Kunnamangalam ,others,,Mavoor Muhammed Ali,മാവൂർ മുഹമ്മദ് അലി,,male,55,Truck,
26kla847,Poonjar ,others,,Mayamol K P,മായാമോൾ കെ പി,,female,31,Battery Torch,
26kla848,Kannur ,others,SUCI,M.K. Shahazad,എം.കെ. ഷഹസാദ്,,male,36,Battery Torch,
26kla849,Kaduthuruthy ,others,,M.M.Scaria,എം.എം.സ്കറിയ,,male,65,Bucket,
26kla850,Kottakkal ,others,,Mohamed Rafi,മുഹമ്മദ് റാഫി,,male,34,CCTV Camera,
26kla851,Thanur ,LDF,Independent (CPI(M) support),Mohamed Sameer T Thiruthiyil House,മുഹമ്മദ് സമീർ ടി തിരുത്തിയിൽ  ഹൌസ്,,male,50,Truck,
26kla852,Kasaragod ,others,,Mohammed Ali Fathah B M,മുഹമ്മദ് അലി ഫത്താഹ് ബി എം,,male,47,Bat,
26kla853,Manjeshwaram ,others,,Mohammed Ashraf,മുഹമ്മദ് അഷ്‌റഫ്,26kla141,male,43,Bat,
26kla854,Manjeshwaram ,others,,Mohammed Ashraf K A,മുഹമ്മദ് അഷ്‌റഫ് കെ എ,26kla141,male,51,Gas Stove,
26kla855,Perinthalmanna ,others,,Mohammed Haneefa P S/o Alavi,മുഹമ്മദ് ഹനീഫ പി S/O അലവി,26kla038,male,43,Pestle and Mortar,
26kla856,Kuthuparamba ,others,,K. P. Mohanan,കെ. പി. മോഹനൻ,,male,56,Frock,
26kla857,Perumbavoor ,others,,Mohanan M A,മോഹനൻ എം എ,,male,65,Gas Cylinder,
26kla858,Tirur ,others,,Moideen Koomulli Parambil,മൊയ്തീൻ കൂമുള്ളി പറമ്പിൽ,26kla185,male,57,TV Remote,
26kla859,Chalakudy ,others,BSP,M S Asokan Mangalappilly,എം എസ് അശോകൻ മംഗലപ്പിള്ളി,,male,56,Elephant,
26kla860,Alathur ,others,BSP,M T Chandran,എം ടി ചന്ദ്രൻ,,male,63,Elephant,
26kla861,Vallikkunnu ,others,,Muhamed Musthafa Pamangadan,മുഹമ്മദ് മുസ്തഫ പാമങ്ങാടൻ,26kla042,male,50,Scissors,
26kla862,Ottapalam ,others,,Muhammed Asharaf V.H,മുഹമ്മദ് അഷറഫ് വി.എച്ച്,,male,54,Gas Cylinder,
26kla863,Vallikkunnu ,others,,Muhammed Aslam V P,മുഹമ്മദ് അസ്ലം വി പി,,male,32,Gas Cylinder,
26kla864,Thiruvambady ,others,,Muhammed Kasim,മുഹമ്മദ് കാസിം,26kla172,male,41,Refrigerator,
26kla865,Pattambi ,others,,Muhammed Muhsin. M. K Manjerikunnath,മുഹമ്മദ് മുഹ്‌സിൻ. എം. കെ. മഞ്ചേരിക്കുന്നത്ത്,26kla050,male,32,Air Conditioner,
26kla866,Beypore ,others,,Muhammed Riyas P.C S/o Ahammedkutty .P C,മുഹമ്മദ് റിയാസ് പി.സി. S/o അഹമ്മദ്കുട്ടി .P C,26kla029,male,39,Ice cream,
26kla867,Eranad ,others,,Mujeeb Rahman,മുജീബ് റഹ്മാൻ,,male,42,Window,
26kla868,Vamanapuram ,others,,Muraleedharan G Nair,എം ജി നായർ,26kla131,male,72,Batsman,
26kla869,Vattiyoorkavu ,others,,Muralidharan. P S/o. K. Ponnan,മുരളീധരൻ. പി S/O കെ.പൊന്നൻ,26kla273,male,57,Ginger,
26kla870,Chittur ,others,,Murugadas. P.  S/o Pazhaniappa Mudaliyaar,മുരുകദാസ്. P.  S/O  പഴനിയപ്പ മുതലിയാർ,26kla058,male,65,Bead Necklace,
26kla871,Thrikaripur ,others,,Musthafa P P,മുസ്തഫ പി പി,26kla005,male,41,Scissors,
26kla872,Thrikaripur ,others,,Musthafa V P,മുസ്തഫ വി പി,26kla005,male,51,Chain,
26kla873,Kollam ,others,BSP,Mylode Sudhan,മൈലോഡ് സുധൻ,,male,61,Elephant,
26kla874,Perinthalmanna ,others,,Najeeb,നജീബ്,26kla178,male,37,Flute,
26kla875,Kodungallur ,others,,Nandagopan Vellathadi,നന്ദഗോപൻ വെള്ളത്താടി,,male,48,Battery Torch,
26kla876,Cherthala ,others,,Nandakumar,നന്ദകുമാർ,,male,36,Camera,
26kla877,Peravoor ,others,,Narayana Kumar,നാരായണ കുമാർ,,male,65,Bat,
26kla878,Tarur ,others,BSP,Narayanankutty  K T,നാരായണൻകുട്ടി കെ ടി,,male,40,Elephant,
26kla879,Udma ,others,,Naseer,നസീർ,,male,45,Drilling Machine,
26kla880,Punalur ,others,EPI,Nedumoncavu Gopalakrishnan,നെടുമൺകാവ് ഗോപാലകൃഷ്ണൻ,,male,58,Television,
26kla881,Kalpetta ,others,SDPI,N Hamza,എൻ ഹംസ,,male,52,Scissors,
26kla882,Kovalam ,others,,N.Jayarajan,എൻ. ജയരാജൻ,,male,65,Boat with man and Sail,
26kla883,Aroor ,others,SUCI,N.K. Sasikumar,എൻ.കെ. ശശികുമാർ,,male,55,Battery Torch,
26kla884,Vattiyoorkavu ,others,BSP,N. Murali,എൻ. മുരളി,,male,65,Elephant,
26kla885,Kattakkada ,others,BSP,Nobil M. D,നോബിൽ എം. ഡി,,male,46,Elephant,
26kla886,Ponnani ,others,,Noushadali,നൗഷാദലി,26kla188,male,45,Chappals,
26kla887,Eravipuram ,others,,Noushad A   S/o.Aliyaru Kunju,നൗഷാദ് എ S/O അലിയാര് കുഞ്ഞ്,26kla125,male,53,Dish Antenna,
26kla888,Chittur ,others,,N S K Puram Sasikumar,എൻ എസ് കെ പുരം ശശികുമാർ,,male,49,Gas Cylinder,
26kla889,Aranmula ,others,API,Omalloor Ramachandran,ഓമല്ലൂർ രാമചന്ദ്രൻ,,male,45,Coat,
26kla890,Nadapuram ,others,,Padmakumar,പദ്മകുമാർ,,male,65,Football player,
26kla891,Puthuppally ,others,BSP,Paul P Chacko,പോൾ പി ചാക്കോ,,male,59,Elephant,
26kla892,Puthukkad ,others,BSP,P C Pushpakaran,പി സി പുഷ്പാകരൻ,,male,58,Elephant,
26kla893,Kalpetta ,LDF,RJD,P. K. Anil Kumar,പി. കെ. അനിൽ കുമാർ,,male,53,Hurricane Lamp,
26kla894,Perambra ,others,,P.K Biju Master,പി.കെ. ബിജു മാസ്റ്റർ,,male,48,Gas Stove,
26kla895,Thiruvambady ,others,,P K Kasim  S/o Abdullakkutty Haji,പി കെ കാസിം S/O അബ്ദുല്ലക്കുട്ടി ഹാജി,26kla172,male,68,Window,
26kla896,Paravur ,others,BSP,P.K.Rajesh,പി.കെ.രാജേഷ്,,male,48,Elephant,
26kla897,Udumbanchola ,others,BSP,P.K. Sajeevan,പി.കെ. സജീവൻ,,male,58,Elephant,
26kla898,Elathur ,others,NCP,P.K.Saseendran,പി.കെ. ശശീന്ദ്രൻ,,male,62,Clock,
26kla899,Kuttanad ,others,SUCI,P.K. Sasi,പി.കെ. ശശി,,male,56,Battery Torch,
26kla900,Elathur ,others,SUCI,P.M.Sreekumar,പി.എം. ശ്രീകുമാർ,,male,56,Battery Torch,
26kla901,Thanur ,others,,P P Navas S/o Kunhimuhamed,പി പി നവാസ് S/O കുഞ്ഞുമുഹമ്മദ്,26kla184,male,36,Battery Torch,
26kla902,Aranmula ,others,BSP,Prabhakaran V R,പ്രഭാകരൻ വി ആർ,,male,53,Elephant,
26kla903,Vaikom ,others,,Pradeep,പ്രദീപ് S/O കുട്ടപ്പൻ,26kla095,male,52,Television,
26kla904,Thiruvananthapuram ,others,,P. K. Pradeep Kumar,പ്രദീപ് കുമാർ. പി ,,male,56,Computer,
26kla905,Vattiyoorkavu ,others,,Prasanth. K S/o. Karunakaran.C,പ്രശാന്ത്. കെ S/O കരുണാകരൻ.സി,26kla133,male,46,Headphone,
26kla906,Manalur ,others,,Prathapan Divakaran,പ്രതാപൻ S/O അയ്യപ്പൻ,26kla204,male,75,Bat,
26kla907,Koyilandy ,others,,Praveen,പ്രവീൺ,26kla163,male,39,Room cooler,
26kla908,Koyilandy ,others,,Praveen Kumar,പ്രവീൺ കുമാർ,26kla163,male,42,Frock,
26kla909,Kuthuparamba ,others,,Praveen Kumar,പ്രവീൺ കുമാർ,26kla014,male,43,Letter Box,
26kla910,Kottakkal ,others,,Preethi Kp,പ്രീതി കെപി,26kla046,female,41,Dish Antenna,
26kla911,Thodupuzha ,others,SUCI,P T Varghese,പി ടി വർഗീസ്,,male,58,Battery Torch,
26kla912,Angamaly ,others,SUCI,P V Rajeesh,പി വി രജീഷ്,,male,48,Battery Torch,
26kla913,Nenmara ,others,,Radhakrishnan K,രാധാകൃഷ്ണൻ കെ,,male,56,Gas Cylinder,
26kla914,Kalpetta ,others,,Radhakrishnan M,രാധാകൃഷ്ണൻ എം,,male,60,Gas Cylinder,
26kla915,Aranmula ,others,SUCI,Radhamani,രാധാമണി,,female,62,Battery Torch,
26kla916,Kunnamangalam ,others,,Raheem P,റഹീം പി S/O മൊയ്തീൻ,26kla030,male,48,Battery Torch,
26kla917,Kunnamangalam ,others,,Rahim,റഹിം S/O മുഹമ്മദ് കോയ,26kla030,male,59,Dustbin,
26kla918,Kundara ,others,SUCI,Rahul R,രാഹുൽ ആർ,,male,33,Battery Torch,
26kla919,Thrissur ,others,,Rajan. M,രാജൻ. എം,26kla207,male,56,Bat,
26kla920,Thalassery ,others,,Rajan O P,രാജൻ ഒ പി,26kla013,male,70,Dish Antenna,
26kla921,Thalassery ,others,,V. P. Rajan,വി. പി. രാജൻ,26kla013,male,61,Air Conditioner,
26kla922,Kalliasseri ,others,,Rajeevan Kannoth S/o Kammaran,രാജീവൻ കണ്ണോത്ത്  S/O കമ്മാരൻ,26kla147,male,48,Frock,
26kla923,Nemom ,others,,Rajeev Kumar G S,രാജീവ് കുമാർ ജി എസ്,26kla415,male,48,Water Tank,
26kla924,Kalamassery ,others,,Rajeev S/o Vareed,രാജീവ്  S/O വറീദ്,26kla077,male,50,Television,
26kla925,Devikulam ,others,BSP,Rajendran .V. B,രാജേന്ദ്രൻ .വി. ബി,,male,60,Elephant,
26kla926,Cherthala ,others,,Rajendra Prasad S/o Prabhakaran,രാജേന്ദ്ര പ്രസാദ്  S/O പ്രഭാകരൻ ,26kla243,male,56,Battery Torch,
26kla927,Sulthan Bathery ,others,,Rajesh R M,രാജേഷ് ആർ എം,,male,39,Television,
26kla928,Thrithala ,others,,Rajesh S/o Ramankutty,രാജേഷ് S/O ശ്രീരാമൻകുട്ടി,26kla049,male,48,Dish Antenna,
26kla929,Thripunithura ,others,,Rajkumar,രാജ്കുമാർ,,male,55,Capsicum,
26kla930,Ettumanoor ,others,,Raj Mohan Vettikulangara Unni,രാജ് മോഹൻ വെട്ടിക്കുളങ്ങര ഉണ്ണി,,male,57,Television,
26kla931,Varkala ,others,BSP,Raju S Kottarakonam,രാജു എസ് കൊട്ടാരക്കോണം,,male,59,Elephant,
26kla932,Kottayam ,others,SUCI,Ralesh Chandran,റാലേഷ് ചന്ദ്രൻ,,male,30,Bat,
26kla933,Kannur ,others,,Ramachandran Kuniyil,രാമചന്ദ്രൻ കുനിയിൽ,26kla011,male,64,Bicycle Pump,
26kla934,Vatakara ,others,,Ramakrishnan Vattakandi,രാമകൃഷ്ണൻ വട്ടക്കണ്ടി,,male,55,Batsman,
26kla935,Vatakara ,others,,Rama T P W/o Ashokan P K,രമ ടി പി W/O അശോകൻ പി കെ,26kla160,female,52,Balloon,
26kla936,Vatakara ,others,,Rama W/o Vijayan,രമ W/O വിജയൻ,26kla160,female,61,Helmet,
26kla937,Haripad ,others,,Ch. Ramesh,രമേശ് സി,26kla247,male,48,Bat,
26kla938,Thiruvalla ,others,BSP,Ramesh Chathenkary,രമേശ് ചാത്തങ്കരി,,male,58,Elephant,
26kla939,Malampuzha ,others,BSP,Ramnath C,രാംനാഥ് സി,,male,40,Elephant,
26kla940,Vamanapuram ,others,Anna DHRM,Ratheesh R,രതീഷ് ആർ,,male,35,Flute,
26kla941,Kozhikode North ,others,,Raveendran,രവീന്ദ്രൻ  S/O തെയ്യത്തിര,26kla027,male,59,Air Conditioner,
26kla942,Kozhikode North ,others,,Raveendran,രവീന്ദ്രൻ S/O അറുമുഖൻ,26kla027,male,43,Scissors,
26kla943,Kozhikode North ,others,,Raveendranathan Nair,രവീന്ദ്രനാഥൻ നായർ,26kla027,male,66,Dish Antenna,
26kla944,Manalur ,others,,Raveendranath K,രവീന്ദ്രനാഥ് കെ,26kla064,male,65,Binoculars,
26kla945,Kodungallur ,others,BSP,Ravi A K,രവി എ കെ,,male,57,Elephant,
26kla946,Palakkad ,others,,Reghu M,രഘു മാത്തൂർ,,male,59,Coconut Farm,
26kla947,Kuttanad ,others,,Renju T. R.,രഞ്ജു ടി. ആർ.,,male,40,Television,
26kla948,Piravom ,others,,Renny Mathew,റെന്നി മാത്യു,,male,45,Telephone,
26kla949,Azhikode ,others,SUCI,Reshmi Ravi,രശ്മി രവി,,female,35,Battery Torch,
26kla950,Puthuppally ,others,,Rijomon Mathew,റിജോമോൻ മാത്യു,,male,48,Matchbox,
26kla951,Kundara ,others,,Riyas M,റിയാസ് കണ്ണനല്ലൂർ,,male,40,Scissors,
26kla952,Thrissur ,others,BSP,Rosilin Chacko,റോസിലിൻ ചാക്കോ,,male,60,Elephant,
26kla953,Kothamangalam ,others,SDPI,Roy Arackal,റോയ് അറക്കൽ,,male,57,Scissors,
26kla954,Chirayinkeezhu ,others,BSP,Ramasamy Sasi,രാമസാമി ശശി,,male,56,Elephant,
26kla955,Aruvikkara ,others,,R. Steephen S/o Rafi,ആർ. സ്റ്റീഫൻ S/O റാഫി,26kla136,male,55,Dish Antenna,
26kla956,Piravom ,others,,Sabu K Eramath,സാബു കെ എറമത്ത്,,male,46,Peas,
26kla957,Puthuppally ,others,JRP,Sabu Mylakkadan,സാബു മൈലക്കാടൻ,,male,58,Battery Torch,
26kla958,Vypeen ,others,,Sadasivan,സദാശിവൻ,,male,51,Boat with man and Sail,
26kla959,Ponnani ,others,,Sageer M.K,സഗീർ എം.കെ,26kla048,male,59,Boat with man and Sail,
26kla960,Peravoor ,others,,Sailaja. A. V,ശൈലജ. എ. വി,26kla016,female,55,Diamond,
26kla961,Koduvally ,others,,Sajir K,സാജിർ കെ,,male,49,Flute,
26kla962,Varkala ,others,,Säju,സജു,,male,41,Television,
26kla963,Thalassery ,others,,Saju V P,സാജു വി പി,26kla153,male,35,Cutting plier,
26kla964,Ponnani ,others,,Sakkeer S/o Illyas,സക്കീർ S/O ഇല്ല്യാസ്,26kla048,male,32,Bucket,
26kla965,Ponnani ,others,,Sakkeer S/o Muhammed,സക്കീർ S/O മുഹമ്മദ്,26kla048,male,49,Cutting plier,
26kla966,Koduvally ,others,,Saleem C K,സലീം സി കെ,26kla031,male,53,Funnel,
26kla967,Koduvally ,others,,Saleem Muttanchery,സലീം മുട്ടാഞ്ചേരി,26kla031,male,47,Helmet,
26kla968,Thanur ,others,,Sameer T,സമീർ ടി,26kla851,male,51,Scissors,
26kla969,Thrikaripur ,others,,Sandeep Elatt,സന്ദീപ് എലാട്ട്,26kla145,male,36,Gas Cylinder,
26kla970,Thripunithura ,others,,Sandeep Rajendraprasad,സന്ദീപ് രാജേന്ദ്രപ്രസാദ്,,male,42,Water melon,
26kla971,Payyanur ,others,,Sandeep V. K.,സന്ദീപ് വി. കെ.,,male,38,Table,
26kla972,Manjeshwaram ,others,BSP,Sanjeeva,സഞ്ജീവ,,male,55,Elephant,
26kla973,Nenmara ,others,,Ramakrishna Sankaranarayanan,രാമകൃഷ്ണ ശങ്കരനാരായണൻ,,male,58,Laptop,
26kla974,Mattanur ,others,,Sanoj,സനോജ്,26kla015,male,45,Gramaphone,
26kla975,Poonjar ,others,,Santhosh Joseph,സന്തോഷ് ജോസഫ്,,male,52,Diamond,
26kla976,Aruvikkara ,others,BSP,Santhosh Kumar. S,സന്തോഷ് കുമാർ. എസ്,,male,41,Elephant,
26kla977,Pala ,others,BSP,Santhosh Nadoopparampil,സന്തോഷ് നാടൂപ്പറമ്പിൽ,,male,47,Elephant,
26kla978,Kunnamangalam ,others,AIHCP,Santhosh P T,സന്തോഷ് പി ടി,,male,51,Television,
26kla979,Pala ,others,,Santhosh Pulickal,സന്തോഷ് പുളിക്കൽ,,male,39,Telephone,
26kla980,Kunnathur ,others,SUCI,Sasidharan,ടി. ശശിധരൻ,,male,76,Table,
26kla981,Nemom ,others,,Sasikala,ശശികല,,female,55,Television,
26kla982,Ottapalam ,others,,Sasi P.K S/o Krishnankutty,ശശി പി.കെ.  S/O കൃഷ്ണൻകുട്ടി ,26kla192,male,49,Battery Torch,
26kla983,Thripunithura ,others,SUCI,Satheesan,സതീശൻ,,male,57,Battery Torch,
26kla984,Devikulam ,others,,Selvi,സെൽവി,,female,47,Gas Cylinder,
26kla985,Koduvally ,others,,Shaheeda C P,ഷഹീദ സി പി,,female,53,Bead Necklace,
26kla986,Kuthuparamba ,others,,Shahul Hameed,ഷാഹുൽ ഹമീദ്,,male,44,Refrigerator,
26kla987,Kottayam ,others,,Shaiju Kurian,ഷൈജു കുര്യൻ,,male,49,Jackfruit,
26kla988,Pattambi ,others,,shajimon,ഷാജിമോൻ,26kla190,male,48,Almirah,
26kla989,Parassala ,others,,Shaju Paliyodu,ഷാജു പാലിയോട്,,male,51,Coconut Farm,
26kla990,Vatakara ,others,SDPI,Shamseer Chombala,ഷംസീർ ചോംബാല,,male,43,Scissors,
26kla991,Palakkad ,others,,Shamsudheen B,ഷംസുദ്ധീൻ ബി,,male,41,Television,
26kla992,Mannarkkad ,others,,Shamsudheen S/o Muhammed,ഷംസുദ്ധീൻ S/O മുഹമ്മദ്,26kla194,male,47,Hand cart,
26kla993,Mannarkkad ,others,,Shamsudheen S/o Ummer,ഷംസുദ്ധീൻ S/O ഉമ്മർ,26kla194,male,43,Window,
26kla994,Kasaragod ,others,,Shanavas A A,ഷാനവാസ് എ എ,26kla002,male,44,Diamond,
26kla995,Kothamangalam ,others,,Shibu Chalakattu,ഷിബു ചാലക്കാട്ട്,26kla227,male,49,Television,
26kla996,Nedumangad ,others,Anna DHRM,Shibu G,ഷിബു ജി,,male,40,Flute,
26kla997,Kothamangalam ,others,,Shibu Kallekkattu,ഷിബു കല്ലേക്കാട്ട്,26kla227,male,48,Computer,
26kla998,Idukki ,others,BSP,Shijo Antony,ഷിജോ ആൻ്റണി,,male,46,Elephant,
26kla999,Poonjar ,others,BSP,Shiny A C,ഷൈനി എ സി,,female,40,Elephant,